performance_id,influencer_id,campaign_id,post_date,impressions,likes,comments,shares,clicks,conversions
1f178f93-23c9-4a1e-8b37-1d97cdcc2d6a,INF0040,CAMP037,2024-10-12,11350,2532,1866,253,3312,181
fb8986c8-c7ec-4e71-9493-47fc0fc98d2e,INF0209,CAMP022,2024-11-22,42637,2128,1241,12,3808,272
668c879b-d2dc-42c8-b2b8-d8aa21768dd7,INF0017,CAMP026,2024-12-21,9848,265,858,82,4574,261
a50a13dc-f004-4897-a15b-2e18afb06406,INF0163,CAMP046,2024-10-26,41461,9554,81,449,4800,282
eadc9960-4242-41e2-960b-e0f495132c22,INF0269,CAMP049,2025-03-16,3462,9560,1025,167,1133,5
10813d45-ff45-48a2-8594-b24f13325c31,INF0197,CAMP022,2024-11-17,1406,7484,1963,30,3126,19
cf2e3296-7184-4713-a55f-65b7e709fba6,INF0198,CAMP050,2024-11-04,23673,9703,794,253,4671,12
d450afa2-d8e7-4aeb-a7b3-3085178be968,INF0044,CAMP015,2025-03-16,13306,4770,1524,243,1053,99
f1394e3c-0aee-4557-9f5d-f91254e07431,INF0163,CAMP032,2025-01-07,46487,1995,1953,321,4290,49
92ea1324-ec93-4596-ab01-57230cf697a5,INF0065,CAMP035,2025-01-02,38663,7431,1174,458,1201,238
7f0223bc-651e-4252-b974-4cded259f960,INF0296,CAMP016,2024-10-15,5827,4624,867,288,2334,193
2c3d17e2-6d39-4a75-aee7-0ab261fa8e7a,INF0287,CAMP003,2024-12-17,29807,4987,1816,175,2256,200
46653497-2fe9-42aa-a886-a01136f7a26c,INF0045,CAMP002,2024-12-03,37343,9167,380,107,1051,124
08dec921-260c-4547-a228-0fe3722dce13,INF0286,CAMP010,2025-02-06,28877,8949,891,201,2830,59
a5b40983-3eeb-404a-9df2-372e9e825aae,INF0098,CAMP043,2024-12-06,41317,6416,672,457,2447,121
8cf9eea9-e1fd-46d1-a978-52217fb75c57,INF0108,CAMP004,2025-01-11,4164,2153,297,110,3267,270
620d4a1f-479f-4628-9674-eb650f9c5300,INF0096,CAMP009,2024-11-05,10417,9527,1039,116,4012,105
e2789642-a484-4035-b30f-aaa36b52f93c,INF0139,CAMP043,2025-03-13,31096,7363,1421,451,1525,296
fe7c80e9-a179-4e93-bfc8-25ac869bc00f,INF0214,CAMP006,2025-03-14,28938,7801,1226,472,2247,246
fd498e20-04ff-4ab2-8b7b-0b3a8b2d158a,INF0267,CAMP013,2024-12-23,28386,5734,1426,320,2173,86
7acc9970-5bee-4570-b69f-75c5c82ba1be,INF0270,CAMP033,2025-01-23,48216,9132,1824,206,1156,124
e9a53368-5812-4eb2-bc13-f47ac80c2195,INF0175,CAMP005,2025-01-27,49174,3031,1289,219,4175,280
453b45fe-636c-4499-9254-aad3809cd839,INF0237,CAMP048,2024-11-13,30166,3196,1619,210,3611,93
3811b519-98dc-4e0b-91a1-f5df06ac1010,INF0127,CAMP041,2024-10-15,34816,9649,1388,120,2145,225
47eb340d-c74e-48ff-8f89-569de550d736,INF0266,CAMP035,2024-10-21,39346,1720,414,218,4830,208
8788dfed-78c0-4ed8-bdd4-ff21cf03f0c8,INF0064,CAMP002,2024-12-18,48947,9269,63,335,833,240
3b964c74-ffe6-4994-9580-4c2ac44fc4b8,INF0243,CAMP018,2024-11-09,9378,1981,665,266,4636,238
3dbc3093-a828-4442-bf73-8f5019a2676f,INF0298,CAMP012,2024-11-30,33443,9648,1933,491,4972,282
ead18464-ca8e-458c-90f8-1063889fe107,INF0079,CAMP008,2025-03-02,33006,2002,1920,434,4720,11
f2a32efd-ff13-4c80-8398-c3320e500785,INF0141,CAMP043,2024-11-21,1016,564,385,296,3078,7
cc21cbdb-fb8f-48c4-98b4-8ead93608edf,INF0090,CAMP016,2024-12-24,3843,9217,1696,404,1019,70
fdd5b0f8-d6d7-44fd-af69-a9805ad479ef,INF0180,CAMP037,2025-03-23,24324,4390,1944,232,4063,274
97af5bde-3c8e-4d78-ad14-e9f42c78644f,INF0106,CAMP021,2024-12-10,23692,7578,1021,289,4983,163
5bd93609-b297-4782-bcf4-74aace63cb1a,INF0224,CAMP016,2025-04-05,40876,9241,1901,34,94,274
b357f3f9-b415-4cea-8738-8ba49770a3db,INF0034,CAMP013,2024-12-17,42789,2009,230,360,2631,179
2460d0d2-9048-43c1-9151-9998f2933585,INF0231,CAMP019,2025-01-27,14861,6482,1368,445,197,8
fcedf994-d631-4383-b030-14d0f2c84743,INF0288,CAMP004,2025-03-16,4121,1973,1550,408,1928,125
8ac8ad93-7e02-421d-b86b-543ae1b243cc,INF0075,CAMP037,2024-12-09,34045,1959,998,304,4763,94
171b1b80-09b7-4df7-bd8d-3ddd2cf149cb,INF0135,CAMP004,2024-10-20,2170,8781,487,163,4529,162
051a0039-3803-4cee-9a06-92953b8d3447,INF0189,CAMP031,2025-01-20,47418,9922,1214,292,4332,137
eafb3e90-54ec-44ce-802c-cb257a5d7c82,INF0130,CAMP002,2025-02-06,36131,8251,1818,356,193,15
573bfc17-2167-435e-8e73-34f233932b6c,INF0245,CAMP031,2025-02-26,4178,2276,916,379,390,3
d8230076-cd6b-403b-ab35-37a02d6e0291,INF0095,CAMP017,2025-03-27,24776,1471,1001,325,4704,180
25d07461-059c-4574-8f3f-0f4852d6b779,INF0106,CAMP007,2025-01-31,22889,9423,540,414,4092,295
c63ce21d-2443-4958-aacf-33a9b466fab6,INF0171,CAMP011,2024-10-31,40404,7462,21,199,2587,282
5d696bc8-dc54-459b-86bb-42c7d8b2f8b6,INF0182,CAMP002,2024-10-24,25368,2177,1629,170,3917,280
a981fa54-f121-4129-b45c-9a545fa3a531,INF0096,CAMP010,2024-12-25,9635,397,817,229,894,41
4d407b28-5628-4dcd-99dd-3e8c96053035,INF0246,CAMP016,2024-12-11,35028,7801,194,472,2460,282
bb7b6c05-2852-4ca2-b9d2-014a22ee7f07,INF0041,CAMP016,2025-01-02,44169,5693,1634,326,4733,200
7cb923f5-f5ed-4382-a3a6-ef83cab63107,INF0010,CAMP032,2025-02-13,44512,3909,1721,280,4205,65
f7ff88d4-b509-408a-ac98-8bca51397c06,INF0124,CAMP036,2025-01-27,45439,1509,1704,61,576,11
9d1c0838-edc8-4ca8-a3bc-d6f3b18d2c8c,INF0101,CAMP028,2025-03-11,33083,2272,880,284,3014,109
96c56fe7-aa60-4892-b926-12e95b58eb49,INF0146,CAMP024,2025-03-17,4981,4869,1161,318,4477,149
bbe71835-4e8b-478a-a0dd-c7f12ce3d822,INF0036,CAMP045,2025-02-20,14731,7289,215,131,2945,216
ba94aa66-2d7e-4a45-a099-e71f4b657bcc,INF0096,CAMP033,2024-10-10,28564,7797,303,199,712,122
92a54d04-f2dd-41f5-b3b6-d344f2e3c6f0,INF0187,CAMP005,2024-12-25,11900,5974,1495,235,2064,205
f7164b73-c555-43ed-be89-56c8d9cb3540,INF0198,CAMP012,2025-01-28,47416,7248,1632,146,2414,198
5176a9d1-9a36-44d6-ae9c-e8ff084a3c4b,INF0046,CAMP032,2025-04-06,16886,5775,1434,173,4701,97
388c9751-9c83-49ae-b7b0-2805cf0df860,INF0261,CAMP045,2025-02-11,37634,471,864,108,2303,42
7f05fbf5-efca-4577-9aa6-f7cb90c7e6ac,INF0245,CAMP031,2024-11-06,14666,9076,485,87,2287,287
3ced4d1f-13eb-42c9-bece-d21a54c7743b,INF0251,CAMP020,2024-12-16,44298,425,1544,413,3911,218
a2dd22d5-2afa-4b7b-91cb-f9e5fb7d3ba1,INF0089,CAMP008,2025-03-30,43230,8932,1757,432,4753,74
b57ec883-d258-4d90-96b6-bf61f68c62e6,INF0054,CAMP024,2025-02-17,5042,2675,620,24,1631,192
55f3ad50-e2fb-4984-bab2-7bcea39c3bd5,INF0058,CAMP047,2025-01-04,25704,6068,715,417,901,7
3fe1e8f3-35ad-4e88-83e4-f66802ead2df,INF0029,CAMP048,2025-02-21,3994,3844,140,192,2806,203
c97a24ad-41b4-45b8-99b9-222c115affac,INF0212,CAMP045,2024-10-30,36912,342,1820,106,220,140
62ccc604-0c53-444b-8053-f649b86d066b,INF0188,CAMP022,2025-01-03,18883,2258,1982,369,3975,42
2a9527f6-f817-4ebf-ab6e-64c5bb8aa843,INF0211,CAMP008,2025-03-30,3035,8077,867,244,1099,298
60f34ebc-e1bb-48cd-be3a-9f0769fd28e6,INF0077,CAMP028,2024-12-17,14331,4406,761,43,4925,206
d42cb1ae-19f7-48cb-a016-c7438bc83a02,INF0267,CAMP026,2025-01-11,47121,2757,436,279,1521,229
a6a5f0ff-93fb-41d0-9d32-6d9cc9ea356a,INF0220,CAMP001,2025-03-06,49994,1566,61,378,2016,262
7387928a-29a3-4b6d-b9bf-ca38afe9be90,INF0267,CAMP039,2024-10-24,45348,7933,1903,370,3684,116
4b7f2183-088d-4d82-9883-e3f8cc9803de,INF0046,CAMP024,2024-10-13,22199,2012,1302,93,430,117
1acf42c5-f3a0-4120-82d9-43ee51976e75,INF0054,CAMP004,2024-10-24,10290,5699,314,11,415,121
601e0211-e34f-46b4-ab8c-03bf5780be17,INF0011,CAMP028,2024-11-10,31133,7482,438,283,3619,27
f11c0ac5-8c0b-493a-9333-5bc9bb635ff5,INF0235,CAMP047,2025-04-02,5633,1020,1087,33,2879,34
981262ac-5683-4de0-97d5-b563fa60ede1,INF0286,CAMP028,2025-02-06,34040,1873,1447,97,4830,78
07ef2ba8-b45a-4ab3-bb94-a34de4aa786d,INF0110,CAMP025,2025-01-01,1946,606,1592,185,293,86
9b792afa-2a3d-418d-a754-a29ff143e545,INF0217,CAMP042,2025-03-31,37358,1292,339,142,1514,229
19ec0829-0db5-4441-a837-f4186f27c1b9,INF0161,CAMP001,2024-12-13,6867,1311,939,8,962,131
68c690b2-30a2-4ee8-b972-2cc1349ef4a9,INF0218,CAMP004,2025-02-22,11310,7445,466,193,4436,7
badf9397-ecf2-4429-b8d7-7d2f8dda4ff2,INF0253,CAMP024,2025-01-22,13242,2439,1979,248,1919,145
4c2272f3-4811-4562-a91c-f19243e8644b,INF0156,CAMP029,2024-11-25,28151,8850,1796,191,3152,259
925f8199-6495-4d5f-8cb4-e891188df23b,INF0017,CAMP039,2025-01-24,38167,5137,1977,43,3765,29
0df407b8-2751-4b86-bdae-c949d700b461,INF0158,CAMP022,2024-12-19,8370,5285,117,272,742,254
4b6797a1-166e-4fe3-ad77-959500fa0eb4,INF0253,CAMP001,2025-03-18,44390,541,1891,91,3870,69
7af6cd41-99a7-499b-a005-f5e1a97a2846,INF0044,CAMP008,2024-11-17,12927,2745,28,105,4035,94
2bbba89d-34fa-4ee1-8696-9d4818d42238,INF0254,CAMP037,2025-02-10,47621,8028,1971,37,1597,117
793bed1b-14f9-4394-ba20-74034ab427e3,INF0155,CAMP039,2025-03-22,34672,1369,414,336,1832,28
65c06b93-c8ed-4bdd-8ef0-3f801d91fe39,INF0161,CAMP043,2025-01-09,35493,8562,779,184,4006,171
43d75413-a939-4bd1-a516-b0d47d3572cc,INF0274,CAMP003,2024-10-27,49849,521,1454,190,4725,209
2f546033-6334-4a2a-8b4b-d7e7a4515ae0,INF0196,CAMP049,2024-12-21,30793,6848,31,454,3293,133
2fc3e649-5e91-4b91-a1a6-6444e2afa629,INF0025,CAMP021,2025-01-04,10782,5982,153,355,4031,166
770e09db-7092-4401-8367-5d580b6c03c8,INF0224,CAMP028,2024-11-30,13466,9946,442,269,1003,149
907276ea-44c0-4a9a-964a-cb1f39eb038a,INF0215,CAMP005,2024-10-21,23057,3224,489,447,1403,250
aadf3692-b24b-4b96-8092-7b7426b07ff6,INF0295,CAMP015,2024-10-28,41902,1024,132,371,4923,28
cee4e512-5802-4640-ab0b-4cc515f0ea19,INF0035,CAMP006,2025-01-23,6515,2770,1327,81,3268,66
96f84ff7-c1a7-4883-b880-287869fb0763,INF0008,CAMP020,2024-11-23,38038,6119,1724,89,4596,44
6319629b-d73e-4bb9-8f9c-a17b8db8dadf,INF0136,CAMP023,2025-03-17,12279,5552,1228,13,3949,14
891778e8-f733-4094-ab2b-78b985c7f3be,INF0102,CAMP034,2025-02-20,20880,1913,1441,117,1501,0
929d674d-798e-475f-afb5-6207ddecc40b,INF0266,CAMP043,2025-03-30,10837,5931,961,373,4106,11
143665f5-4c81-4260-b9ec-533c3c53090e,INF0188,CAMP026,2024-12-25,31063,4017,946,424,2986,278
08e3f771-b6dc-4d05-9a9b-ccc1e71c681a,INF0171,CAMP006,2025-01-15,15318,9742,1058,22,3311,140
ccea5031-844e-450b-a684-390c923b7820,INF0043,CAMP014,2025-01-28,28281,1442,1474,96,2276,55
25bf213d-9eca-481b-bb95-d0fcad72ed05,INF0155,CAMP032,2024-11-02,21590,6380,241,484,4613,219
2c41cbd3-72f4-44ab-81d7-1f4af3025d16,INF0068,CAMP046,2024-11-11,22473,2131,332,414,953,5
31567f2a-cef7-4829-b63e-6ef4f8dfcc3a,INF0280,CAMP048,2024-11-03,33230,2753,438,273,4293,117
fcffe9e3-140f-4589-ac62-4c2c0aeccec7,INF0066,CAMP010,2025-02-19,35806,4370,1864,80,544,113
d2938e6e-ff4d-4930-b3b0-fb536f75ee8a,INF0111,CAMP011,2025-02-08,22650,9290,1342,30,4519,44
4204d733-9855-4b1e-9588-1c1c25db5946,INF0216,CAMP041,2024-12-11,46760,4758,948,379,3784,274
ceae1325-ea07-4d80-ba23-6c22e92a7b97,INF0076,CAMP028,2024-10-23,43939,8990,1322,407,2988,179
65b90e94-8e6d-4263-a35a-775d16476e3f,INF0253,CAMP049,2025-01-25,15745,5830,1643,131,1241,79
850a48d4-46b5-48de-9b4b-b8eb537d0bd1,INF0294,CAMP013,2025-01-06,16997,1466,1029,314,4129,172
c95b61f8-032a-461a-9f9b-7c1feacb1f6d,INF0046,CAMP008,2025-02-23,43422,4186,223,89,2891,231
c81c8d31-85c6-4fbf-966b-62ea9f80b96b,INF0085,CAMP025,2024-12-30,11304,4858,636,68,3464,157
25f06b0a-264e-459d-aa18-e5af1cce08e9,INF0077,CAMP043,2025-01-28,4729,6074,1496,229,1990,102
f6ff3521-c225-4530-952a-53459682d9ff,INF0088,CAMP047,2025-04-10,30351,4630,691,139,1123,133
900c0af7-1b0a-422e-acc8-17a619a6f80e,INF0137,CAMP045,2025-03-10,17184,8066,542,94,4441,111
de12dbf1-493d-4196-8926-a02119da8262,INF0077,CAMP049,2025-01-22,15678,6872,1637,405,77,24
693016ea-e0bd-41ee-9807-cf74e1509425,INF0058,CAMP050,2024-11-30,9488,2281,1364,253,2647,74
92701d60-7c4f-48e4-a7a0-2a3d620f230b,INF0142,CAMP002,2025-02-05,30863,5722,1918,359,1298,151
46818a88-2c15-4804-8997-59a37919955c,INF0019,CAMP018,2024-12-27,43224,7136,353,241,1108,189
ae49c079-9bd0-44c7-9e45-455e24d38751,INF0001,CAMP036,2025-02-21,38016,2576,1978,130,4636,225
e3bb22ae-6552-4c53-89ed-a6f566d71d97,INF0221,CAMP019,2025-03-29,5818,7292,537,186,2938,128
0c9e5550-3cd1-4f3f-b0c5-827854dccba5,INF0042,CAMP019,2025-03-03,38344,1971,1781,364,1512,33
e5a3d8e9-44c1-41b5-abbb-d76379a7e63b,INF0045,CAMP006,2024-12-21,35836,5853,1103,356,1564,38
cb2cc805-d140-4430-967e-642e052dfb9a,INF0287,CAMP042,2024-12-07,48645,6999,283,448,2697,243
7ddac1b6-d7c4-4aed-87c4-cc514f9a5f98,INF0015,CAMP004,2025-03-25,46246,1291,1554,113,1461,208
f8f58a26-1924-4644-af52-7666b23909f4,INF0272,CAMP015,2025-03-27,25162,6108,1853,73,3382,275
f96671a5-4cec-495b-a267-16e33a5b6ac5,INF0079,CAMP018,2025-03-03,18006,3941,1638,17,3310,94
52246d05-d369-4867-8626-e38f716fb276,INF0105,CAMP008,2024-12-01,1066,7633,777,13,1190,266
a543148e-9adf-4981-aab1-9e15ba92992e,INF0099,CAMP037,2024-10-27,12772,7565,1942,168,4521,140
e9d6bb7e-361d-4014-b114-56de301c8db3,INF0268,CAMP037,2025-03-18,30769,7775,82,312,248,129
c26e2706-7c05-4799-bdae-8eff683c510e,INF0246,CAMP023,2025-01-18,43598,1274,1702,210,228,196
0e63813e-d22e-4226-9fb8-944dde0018aa,INF0223,CAMP025,2025-01-18,1798,7701,797,240,4354,129
4fa5c35e-10cc-4604-a8b2-6b1bca9f1d59,INF0153,CAMP013,2025-02-24,31329,831,1139,379,1655,194
c7cfeca8-22b9-424c-a744-3fb881bd55d5,INF0186,CAMP035,2025-03-24,30265,3033,861,196,374,213
07692583-9194-421e-a11b-f0d486379f04,INF0144,CAMP024,2024-11-12,4432,2471,1048,221,1565,34
3362d476-d53a-457f-a00b-d5343158f1fb,INF0183,CAMP014,2025-03-21,6586,3017,1645,11,2402,143
74d9d1f5-0877-4804-bfde-98140ec0ad4b,INF0111,CAMP040,2024-10-19,21039,3893,1765,84,1627,272
32f8dbab-b462-43e8-9c41-8a83eb04159c,INF0191,CAMP045,2024-12-02,42932,1130,1188,14,2643,35
814ff657-76d7-4561-92d1-4ef55e4c4fd1,INF0006,CAMP024,2024-12-26,18297,6458,143,289,3247,173
ae61716a-1fb6-41ae-ac4e-8cbba2aa378c,INF0152,CAMP011,2024-10-15,49665,7137,1515,288,1239,188
98133da1-7d21-40ad-9f59-fb4d3defa7ba,INF0078,CAMP026,2025-01-04,48124,4761,1217,363,4972,178
797e3984-ded7-43ef-b5e4-a9c12d761ffa,INF0276,CAMP048,2025-01-31,33479,3897,1092,331,1694,156
29dc073e-5820-43f2-9989-dd6c8d2434f9,INF0191,CAMP008,2025-03-21,18719,8281,717,39,428,245
d4b3e8cf-bfbb-4ab3-8237-8962e4fd6c34,INF0237,CAMP040,2025-02-20,1463,9258,181,91,3674,122
62f5f7c2-0706-4ec2-88fa-4e981723ecdb,INF0298,CAMP033,2024-10-19,9881,5703,174,493,432,208
c7a2f280-927f-4103-9a94-08c029b44cb1,INF0227,CAMP048,2024-11-20,18796,9875,233,7,421,174
39a0f145-a5ba-4050-b8aa-76dfdb6ba39b,INF0099,CAMP014,2025-02-18,34214,1491,1286,321,4560,94
68d576b8-a6ce-4d7a-84e2-a94b34ec5264,INF0273,CAMP024,2025-01-17,45659,6069,1083,210,3619,78
f796611f-c7c1-4b1b-9d58-631b052226b9,INF0070,CAMP027,2025-03-08,40182,4757,813,251,3712,189
e959137f-795e-4f2b-8247-2360aea4a441,INF0047,CAMP013,2024-11-04,39248,8133,993,492,401,188
cd0579e2-99e4-404c-ac56-e0cda5ba2472,INF0256,CAMP030,2024-10-11,2907,7024,1034,38,4224,235
ce1a1669-9bbc-4cbc-809c-a8f23948fe22,INF0098,CAMP018,2024-12-08,28125,2090,1510,419,3825,252
a48aa108-b599-477f-b78e-e9e8b676291d,INF0038,CAMP014,2024-12-02,49474,4535,606,449,4902,21
da018d29-6060-41eb-a53e-5f4c6c7e9a2c,INF0291,CAMP037,2024-12-16,8951,6549,643,132,988,272
7779857f-37dc-4c78-8082-fcda7580e4e9,INF0130,CAMP004,2024-12-07,7054,1605,871,394,2690,68
9fa4a627-d306-48be-8548-867bad5cba24,INF0148,CAMP016,2024-12-26,48922,6952,1459,189,314,99
82f29004-01e1-47d8-9a31-204495a0f356,INF0214,CAMP022,2025-02-15,36489,9754,166,426,2348,96
5fcd859e-d6e1-4109-97e1-74e6f76b9723,INF0018,CAMP007,2025-01-27,24488,6340,522,220,3381,124
485d831c-9bea-4529-9801-7a2fa5b83693,INF0082,CAMP027,2024-12-06,35474,1667,170,288,2203,104
1057a002-7b53-459e-9bac-bd0daf35b30b,INF0228,CAMP006,2024-12-14,6583,4997,1632,374,2971,55
533c2ed5-a3fe-4479-86c7-9b36fd053963,INF0113,CAMP013,2025-03-26,12703,2841,982,117,278,170
b60a3dcc-a7f7-4451-82da-860946e1ee40,INF0295,CAMP042,2025-04-01,47032,6901,928,186,548,285
2661c426-3038-4dd7-8c7d-9313a6c681b0,INF0250,CAMP034,2025-01-18,42785,3879,1868,75,195,105
0e88c8ec-e651-43e1-bd84-6fc9c3f62136,INF0263,CAMP040,2025-03-15,48685,4665,1539,197,3938,51
999bc859-cf5e-4f0b-8d67-b5dfdb7904e0,INF0285,CAMP021,2024-12-27,36289,2668,1796,435,1917,297
23d26b8d-ae46-424d-91d0-5ef3a91883fc,INF0184,CAMP006,2025-02-27,20583,6203,1444,426,4985,64
ff5a229e-7f53-4344-a7c8-54e406843c86,INF0182,CAMP049,2024-12-06,5631,9699,1464,459,132,184
6793cb09-6b27-4eff-a82b-5b364269c28c,INF0099,CAMP030,2024-12-24,14276,3705,468,216,2223,41
b54401cb-9541-4a9d-890a-aa93bc9a7998,INF0098,CAMP001,2025-01-29,14854,7425,121,406,3880,121
b9ff2c29-57d9-4bb0-b09e-47bad0e656e5,INF0273,CAMP038,2025-02-25,28094,1330,1143,444,1351,55
a36884f5-88dd-4880-afb2-8b3d38eccb4d,INF0057,CAMP044,2025-03-11,27081,8070,1147,385,4965,197
abff9286-f0cf-4d73-a812-1ef079c9c839,INF0179,CAMP001,2024-12-18,48892,9843,501,383,110,53
2b843ef3-d86d-455d-8cd9-916481df62f4,INF0168,CAMP026,2025-03-22,3895,685,1737,175,4010,186
2e5eeb6a-8ee9-481a-a061-f65fa8596f8c,INF0023,CAMP007,2024-12-06,5011,3498,117,339,1054,205
bdacdc5e-20c0-4275-b885-187d18fc83b7,INF0078,CAMP016,2024-11-29,36474,101,1043,438,174,80
c34e9baf-8f1c-42cc-8eef-9fa8b9a5d4d0,INF0140,CAMP006,2025-04-05,6269,7043,882,344,178,238
e64b9b37-ae01-4122-b269-921c2edd9141,INF0058,CAMP006,2024-12-14,31930,8181,911,49,3218,278
5af3da5a-38e5-4b27-96dc-5a6ea7890770,INF0023,CAMP026,2024-11-22,30062,4018,1077,31,597,108
6ba4170b-4e9d-43e9-9f16-2ec3be848aa2,INF0055,CAMP027,2025-03-12,46240,3240,1862,134,1640,96
42b40281-5f26-4466-94d1-332ae3082ddc,INF0087,CAMP038,2025-01-31,41566,3891,1367,417,3275,34
1e26ed31-d9e9-4758-b6b9-04364b46ef33,INF0079,CAMP003,2025-01-09,36228,8837,1642,173,2778,150
9565257b-a267-432f-9dcb-f4bc0dbdc5da,INF0071,CAMP003,2025-01-30,27655,6530,603,47,1976,104
78e36397-123b-41cf-9ee3-39fff1bdb598,INF0001,CAMP014,2025-03-31,18587,2665,1136,14,2680,89
de14553b-1eac-41d9-801f-490931cd9f6e,INF0226,CAMP030,2025-02-19,31435,6369,965,213,3218,73
69c165ae-4c61-4ae8-87a3-7f1061b512ed,INF0115,CAMP047,2024-10-20,6801,4251,729,45,3648,61
232a5e82-2699-4aab-9aaf-7529deeff82a,INF0155,CAMP028,2024-11-17,6840,3665,196,446,179,126
91c46efc-fcb8-46bb-a8c0-cbef57b936b0,INF0292,CAMP050,2025-04-01,8366,3772,1248,448,2544,202
24aa5685-7523-46ce-bc95-0bbae8184f34,INF0074,CAMP025,2024-12-10,46156,2323,436,121,3287,40
c768b07f-2e2b-4c6c-b736-0c4fdcc5d975,INF0120,CAMP033,2024-10-25,32376,4923,238,317,3251,136
fc9476b1-a18b-4d15-9527-34077cd2192f,INF0273,CAMP050,2024-11-13,26693,3101,1748,345,2758,182
0134e76b-0ed9-4a95-a26e-865b503be788,INF0152,CAMP010,2025-01-05,36089,595,1757,105,606,81
c606ddc4-c2dd-401d-b59a-15334605ec0e,INF0017,CAMP009,2024-11-11,36853,3604,166,227,4704,106
7d54ec82-288f-4435-83b5-34db938703c9,INF0108,CAMP009,2025-03-11,12468,7346,164,275,1046,246
2120bfba-1689-40b8-879d-db62c37944c1,INF0019,CAMP026,2025-02-06,15259,9469,163,178,4237,180
6744cb9e-6ded-4ba5-a22c-3d4f6f07b60f,INF0131,CAMP002,2025-01-01,12049,886,282,496,4322,183
0131ff3b-6221-4670-ba36-e788f71fb9a6,INF0131,CAMP043,2024-10-17,24600,8957,1388,204,3751,262
5f8392d5-bb0c-4919-b30c-cff588a5fa0d,INF0046,CAMP046,2024-10-12,40779,7155,417,193,1202,48
d54e7948-c1c0-45e3-927c-8f50e45a87e8,INF0025,CAMP010,2025-01-21,30813,2611,153,446,3278,133
010e4265-ad3f-4dd4-8496-26ba30c9a2be,INF0148,CAMP016,2025-02-08,28718,9649,820,158,4235,198
b18ad67d-39ec-4ca1-bfb2-df47bbcd6c18,INF0161,CAMP026,2025-03-29,18107,5794,972,440,117,252
1a4b1606-2101-4bff-8fe5-474558274e80,INF0002,CAMP014,2024-12-23,12549,5780,1173,222,605,268
2ac1d5ca-4e5d-4f12-96b3-1f4a80daa8ca,INF0078,CAMP024,2024-10-22,36709,7167,1849,488,2009,65
f2ce7eeb-4c56-4b8f-8bb4-32b3d2e76deb,INF0234,CAMP009,2024-12-05,23614,9394,1238,283,1349,186
98abb2e7-8531-4f0f-ba53-312274b79620,INF0046,CAMP003,2025-01-19,30878,7589,1545,104,127,271
afd0d2f7-e352-4444-af04-af36567c5d44,INF0162,CAMP044,2024-11-04,25813,5353,1225,360,327,17
7d7c59a5-e6c1-4650-bf02-f5b057bd56c9,INF0012,CAMP030,2024-12-18,16732,3222,1104,484,1847,83
f2b5a7ea-2a35-4e30-b03c-b04bc0079336,INF0155,CAMP043,2025-04-04,23884,915,656,447,3190,10
04e55bd5-6744-4cd4-8fdf-c6f9eb0f827c,INF0143,CAMP003,2024-11-23,13665,634,1726,297,1082,270
2196b3b5-fc21-409b-ba27-bc64396d1ffb,INF0093,CAMP006,2024-11-20,47233,4600,849,153,938,266
812faa38-96f6-4c09-859c-1ba0bbec721d,INF0106,CAMP024,2024-11-11,20324,8838,640,18,2875,139
a689d07f-b60b-4f87-9dd8-effc1f878b32,INF0294,CAMP044,2025-03-12,11358,3409,555,173,4779,144
a3ec152c-e065-4245-a00c-9c710990a647,INF0223,CAMP001,2024-11-28,40691,9162,525,430,915,105
0c7031eb-9f85-42dd-88e4-4a48c5709e30,INF0085,CAMP022,2025-02-02,41056,3303,859,201,68,129
1bad52a8-a976-4c4d-8c47-2187fea35d37,INF0012,CAMP017,2025-02-13,9521,965,783,396,4782,266
b0937085-0c59-41f8-850d-cbfed60bf603,INF0140,CAMP009,2024-11-01,30697,2667,1795,143,2733,227
1fa3ed1f-6158-4f88-b1be-94c36ab1cdb6,INF0010,CAMP021,2025-01-24,10327,5227,813,481,923,252
27335670-b3ad-42ba-b972-09c040b374f8,INF0014,CAMP048,2024-11-18,14749,7224,863,153,2333,166
0261c87a-a15c-459a-af8c-a888b1f81ad9,INF0020,CAMP024,2024-12-07,7998,5513,1279,193,4231,43
a9987bdf-19d9-40b5-a962-d9966bbe3b5a,INF0145,CAMP050,2025-01-19,49421,9211,1596,270,119,56
b362cd55-9b0a-4a0b-9f6f-acc1451d38fe,INF0039,CAMP024,2024-11-05,49570,8219,741,317,805,297
1adba8cf-e60c-4638-94a5-a81e6b382a0a,INF0283,CAMP010,2025-01-17,18400,7447,1971,36,3915,24
485f7888-1e23-4a4b-9e21-741fb8011026,INF0279,CAMP034,2024-11-01,39968,8471,241,386,392,286
32da81f0-7f6b-43c6-9b34-1937c8e60939,INF0064,CAMP007,2025-02-05,14543,6501,539,179,2326,225
d4dd1b56-4353-41b2-8728-50c13322c68b,INF0084,CAMP035,2025-01-19,21914,7264,1791,406,2719,253
b4146e4a-5ba0-43e0-b3a0-daa7f91e5fcd,INF0088,CAMP008,2024-12-28,45924,1665,1717,313,392,176
8c52d271-0a16-4e18-a90e-3e894b9c22f4,INF0139,CAMP002,2025-01-14,16577,3335,1194,435,4670,295
eee13cae-b02e-41aa-b52b-6ec8e90d21cb,INF0089,CAMP004,2025-01-11,28689,6453,750,354,1003,278
03438b64-00b3-400f-bc08-899054a27051,INF0251,CAMP016,2025-02-17,3880,4987,555,313,1977,17
d5d1c669-1c45-4357-a829-4a6716c8e3d7,INF0057,CAMP048,2025-01-29,12673,5633,1215,17,1412,284
f30ee4fe-262e-4559-be7d-9a19ab450578,INF0259,CAMP026,2024-10-27,3663,9565,1288,80,2995,107
b93b770c-1336-4c0c-82ff-1f2ec78f07cf,INF0156,CAMP018,2025-02-27,11828,5192,1936,286,3209,203
a4f34185-4182-4509-a79f-9f3d19ee2c3b,INF0016,CAMP023,2024-11-23,46991,8545,1221,333,2641,270
4bc81c16-fa2f-4d74-bd19-35cc74eda60e,INF0005,CAMP011,2024-11-30,12593,2992,1202,185,704,247
d02c75f9-198d-43a4-8cd2-0e4376dae194,INF0127,CAMP007,2024-11-12,38927,8546,1176,244,1926,197
4a629c5e-da2c-4852-8a19-0939dfc7ab26,INF0065,CAMP004,2024-12-18,23538,7887,35,449,4566,150
6d0e0597-500d-42a7-ad40-9244cd3566ef,INF0221,CAMP021,2025-03-02,24023,5456,246,223,1560,150
c219a845-d9eb-404c-9851-d1cf1dabb10a,INF0123,CAMP016,2025-03-31,34757,8546,77,108,4502,255
236dd176-da1c-46ae-8279-e2ab0bbf6334,INF0220,CAMP009,2025-02-15,11763,4008,959,248,3815,283
5b86ea69-5423-4dbe-aba6-b158a5aecf37,INF0099,CAMP005,2025-04-01,28105,977,1259,337,2715,57
44afecb7-9f2e-4efc-b480-b91e700e0efc,INF0078,CAMP011,2025-03-29,43025,8713,845,185,594,70
d0a17fe8-5f64-4a53-97cb-a85dbbaa574f,INF0056,CAMP041,2024-12-15,20556,9059,316,78,704,165
6676cc75-6699-4af5-9d24-181c2ed087d4,INF0261,CAMP029,2025-01-06,4666,4377,316,14,1063,3
b09d721b-62be-4009-95f0-fb6a4596da75,INF0292,CAMP025,2025-03-24,20403,3781,1453,105,3060,8
a61acd8e-6bf7-440f-8cc6-2fed7a6e43d0,INF0061,CAMP018,2025-03-31,40850,4102,1543,67,4136,225
21ec4754-1cf1-4654-aab2-02c2cc0243c6,INF0105,CAMP014,2025-02-22,9963,7522,438,438,3149,169
f1458426-fb48-4ded-8f03-7337b9f6143b,INF0076,CAMP005,2025-03-22,20177,7434,873,222,2465,250
e9462820-6a80-4ac2-9a8c-f13c28ce231e,INF0174,CAMP042,2025-02-01,49885,8202,1123,53,968,149
adab2c2f-91a6-46da-8d61-39887b90942f,INF0132,CAMP049,2025-01-03,48162,935,208,219,947,48
c7774fae-6137-48c3-9c7f-aca62e671784,INF0232,CAMP031,2024-12-18,42886,5387,569,55,4072,215
af390a9d-dcd1-4413-8760-801f9c81fc46,INF0177,CAMP026,2025-03-29,36919,5680,920,31,4623,194
e44a913a-f933-49fa-ba2e-eeb3d6aa5382,INF0214,CAMP049,2024-11-04,7997,5333,1026,246,637,195
1ce97871-7cf5-4d5f-ab9f-33cb7bab1baa,INF0044,CAMP031,2025-03-31,41633,3417,1982,88,4352,150
1036ca81-0bc4-47ba-b0d0-ebcb6949ece5,INF0156,CAMP016,2024-11-29,40828,3157,46,337,452,44
b45e9463-032a-49e0-9071-e5f0a7ac590c,INF0206,CAMP036,2025-03-27,34635,8310,374,304,3882,116
be5e215e-c47c-430b-865a-7766ad8cbfea,INF0068,CAMP034,2025-01-29,15017,6568,64,270,3089,41
fa575cea-3957-4344-90a4-a421b9493906,INF0297,CAMP013,2025-02-17,29902,552,1923,398,1431,127
85ea16e0-84e3-4774-969a-def0df865633,INF0179,CAMP021,2025-02-20,18264,3249,94,34,4194,264
6ecf1ed2-1861-49f3-9e44-e98cb359390e,INF0145,CAMP005,2025-02-15,36897,3745,488,312,3566,295
588309de-7b5f-4e41-bfa2-bde0ba05dd0f,INF0166,CAMP043,2025-02-15,31270,3655,1339,165,495,220
260e37cc-6287-4624-a433-1510ad21b4cc,INF0043,CAMP049,2025-03-21,37643,5597,1653,270,311,70
fcdfe961-e45e-4ad0-8eef-a5ddd3916dcf,INF0219,CAMP021,2025-02-06,5175,9274,1405,408,2583,181
ef32f72a-a4b5-4723-82fb-28690df80b89,INF0025,CAMP028,2024-11-09,45548,1912,1563,435,4164,192
da143a47-7823-41d9-994d-f188816ce054,INF0237,CAMP003,2025-01-14,20881,4472,1260,237,601,152
c05db774-132a-4e58-aa57-e880de9205ea,INF0127,CAMP045,2025-01-13,34765,4176,64,472,2781,108
f85b6d0a-54b5-4635-bdab-161452150ed8,INF0184,CAMP048,2024-12-03,23486,5590,382,465,2298,274
8ced4707-3903-4b65-81c6-1eeb0ce3c8c8,INF0211,CAMP007,2025-02-11,28765,8994,1587,46,364,275
3c28f5dc-d12d-4ea8-a73d-292060ee64ba,INF0017,CAMP027,2024-10-25,12182,8549,584,66,1602,245
92b26acd-cd1f-45a3-b1b6-5ca175873920,INF0251,CAMP007,2025-01-05,6670,7815,433,433,3509,196
72730e7b-7f9a-4277-9b49-6e6d1688782f,INF0158,CAMP012,2024-12-10,48299,2875,294,461,2293,151
bec7fb11-7f53-4c0a-bb0d-3cda1e639261,INF0014,CAMP005,2025-02-13,22560,822,789,214,578,285
698f04f8-6747-424a-9a46-d536048c8480,INF0203,CAMP035,2024-10-16,22782,8500,650,339,1361,251
d36ec1bd-000b-4f5e-8c91-bd138ea02346,INF0265,CAMP015,2024-10-27,43907,1019,1733,423,1799,282
9e7b1e95-f692-441a-9aad-10cecab24f24,INF0211,CAMP045,2025-02-10,37160,2872,442,113,1595,46
8ff50701-8222-4c16-a3de-4ec04dfa21be,INF0096,CAMP039,2024-11-19,3939,7294,1765,22,728,81
f34a7949-74ca-4ad7-abe5-be96a7939a2e,INF0072,CAMP031,2024-12-15,22665,5127,1435,42,2490,200
d10bf4dc-0de4-4af4-9347-94cc5d04032d,INF0200,CAMP035,2024-11-22,39285,9319,176,472,3533,203
8f660bbd-54fc-486f-b457-7d47d8253010,INF0194,CAMP043,2025-03-08,20149,9465,1192,283,4961,165
b776e729-791f-49f6-9996-66129ea87552,INF0068,CAMP015,2025-02-14,31936,9450,1730,355,4323,297
1d30a290-73d9-4ace-b746-1b725d00df1b,INF0146,CAMP002,2024-10-28,46641,6706,999,112,2114,195
008ffab9-38c4-4b38-a8ae-57b9c262cad0,INF0297,CAMP031,2024-12-15,7130,7519,512,491,168,161
f6e5203c-a237-4e6f-9473-45345aea6352,INF0198,CAMP050,2025-03-14,29716,3350,1927,422,2653,270
5fb7474e-85a0-4089-8c35-73214abf6f5c,INF0078,CAMP006,2025-02-23,8857,8277,1449,455,2311,73
2a061609-e599-4d3c-8bb8-1d381b37ef19,INF0051,CAMP003,2025-01-13,17892,2479,1126,180,4802,6
be153187-b783-41d5-9264-04b923f47a55,INF0269,CAMP002,2025-02-27,12267,3309,1264,92,374,218
9c60c81b-4119-4aa7-9b61-d45368c2094d,INF0205,CAMP019,2024-11-17,29948,3657,1549,156,1004,258
da296905-ee22-470b-9ee9-32603002d831,INF0168,CAMP048,2024-12-25,42269,9794,1089,112,4618,295
c80b2af7-d315-4afa-b500-f7853730dfba,INF0141,CAMP027,2024-11-16,39672,5460,364,341,2074,257
c1d48a10-1b96-4925-9682-d038b77f69b9,INF0249,CAMP013,2024-12-29,13467,8357,829,352,4316,21
d6642fe8-a21c-4c06-ad37-65670be7728e,INF0107,CAMP003,2025-02-17,9418,2543,737,73,3736,38
e44a0371-c5ab-4e57-9f8b-4af196bc532d,INF0013,CAMP041,2025-01-05,44700,8784,1301,17,1193,56
f4c8e393-96dd-4c82-a890-9e3175175f39,INF0040,CAMP016,2025-01-15,34407,272,1580,263,4009,4
011c4544-7fb3-4be5-b6bf-2f7222778161,INF0218,CAMP011,2025-01-20,11109,2986,126,188,1979,115
ef705d01-8da0-4d88-8c6f-3051bc788423,INF0162,CAMP003,2025-01-02,12975,2690,1620,241,4984,65
eca391d4-7ba1-4dd7-95ca-788dd6bca712,INF0070,CAMP041,2025-01-16,44454,6659,541,445,2835,198
2d5d2395-e901-4768-abd1-4b0cc7f4f4f9,INF0039,CAMP017,2025-02-21,48498,8160,1952,95,4895,69
d0b3d752-bb01-42a5-ac74-5800941c23fa,INF0166,CAMP002,2024-11-03,37863,1975,1634,339,1837,71
99bd6240-a853-4961-a32d-03021a82833c,INF0165,CAMP049,2025-02-04,39176,3961,1659,243,2230,273
e1a2cfe7-810d-4c57-9264-5a59e1f85b33,INF0166,CAMP037,2024-12-23,8645,9123,659,83,4827,122
ea7917e1-9be7-42ab-bac0-8fc46b2d9ccc,INF0176,CAMP044,2025-02-21,25662,6468,25,314,212,97
65daced0-460a-4125-bf8c-93d4c32afc4a,INF0156,CAMP002,2024-12-15,27973,2032,690,468,3496,91
ce072a52-73ed-4223-8b4e-f503f8722413,INF0181,CAMP039,2024-11-04,20091,8059,1222,351,3983,127
b33422cb-9a3f-4ad1-a9a9-aff9235fc3d5,INF0007,CAMP042,2025-03-31,34332,3358,559,457,4616,225
d7d3b9d9-4c85-4233-8325-bd9ebf98e734,INF0053,CAMP015,2025-02-23,33991,6397,569,355,1978,63
b63d65d5-505c-4527-9c57-546d8c3d031a,INF0182,CAMP039,2025-03-02,30443,7270,1025,68,4174,10
37a3c30a-a1f0-4a7a-8db7-8572ef7db821,INF0097,CAMP038,2024-11-18,14753,5422,1444,485,2118,38
4a636af5-b6e1-47ac-9fc9-726435afbb2d,INF0223,CAMP038,2025-02-20,4117,4261,612,168,4092,110
21f6c63d-ac20-4f11-abd3-3927586528e6,INF0123,CAMP001,2025-02-24,26022,2758,1324,163,3533,102
2d852212-f554-41f8-b9a5-5cf2a66c0fa1,INF0281,CAMP043,2025-01-15,9787,2086,712,55,4019,209
5287964d-a30a-4658-b1be-6df28ae0b8a0,INF0126,CAMP044,2025-02-24,36775,1069,590,269,4051,187
8ff19886-5a2c-41bc-82c2-26ff1d8b32d9,INF0230,CAMP031,2025-01-11,15345,3285,1109,168,551,84
aacad101-f153-4f68-9215-583a9532caba,INF0049,CAMP047,2025-02-24,16173,3155,698,391,1019,217
e4d466eb-bf74-431c-ac9b-389a6adfd568,INF0189,CAMP021,2025-03-22,4052,7497,264,240,1657,260
d8e8b97c-e0a2-4901-8932-936e88addab1,INF0254,CAMP015,2024-12-31,33890,6899,1290,148,308,46
1b41a61e-85d1-41ef-8344-edb3ceed0ffc,INF0013,CAMP016,2024-10-14,28370,248,1867,442,2252,165
ab95c72f-0d95-4af5-a534-21bc6180b78a,INF0090,CAMP038,2024-10-20,12437,5436,1940,460,2873,96
c918a346-c00c-400c-8458-b006332cce0a,INF0117,CAMP007,2024-11-10,16167,8777,542,204,4516,247
4024c424-aef2-4b2f-895f-a2fcfbc8c77e,INF0276,CAMP008,2024-11-07,40993,9813,1282,97,3898,270
c8cba592-b0ca-42eb-8fe1-621ad6e1ba00,INF0094,CAMP026,2024-12-06,26993,4697,1625,296,2983,36
08453b2f-8a8a-4105-80eb-887534396729,INF0232,CAMP029,2024-12-18,38477,4607,441,170,4304,13
9db94eee-1a3c-4131-b3dd-3bc6d06405a8,INF0225,CAMP009,2025-03-27,4320,4798,225,465,3723,28
dd664071-8fd7-41a1-bd4f-6118acef45c4,INF0220,CAMP008,2024-11-22,1726,9536,1422,46,3768,41
638e1388-8faf-4d4a-a5a9-9ebcbe0ec2da,INF0164,CAMP041,2024-11-25,2081,3985,843,29,3020,128
cc7f9517-cbfd-4a31-88c8-5ad682cbcdc7,INF0087,CAMP010,2025-02-22,12689,1047,674,186,116,5
0c06df90-aa1c-4023-b164-423549a2afde,INF0125,CAMP006,2025-04-07,34332,9893,835,86,3720,1
f4ea6b97-6aa4-45b5-a336-c81561af663c,INF0204,CAMP022,2025-03-12,34572,4731,1401,216,4082,208
f740d87c-500a-474e-af65-e8ccf9cf8499,INF0251,CAMP001,2025-01-25,31836,3649,114,499,4191,215
4057e470-be61-47a8-8351-b09d0dc5fb06,INF0024,CAMP010,2024-11-18,21002,1659,549,488,4121,15
dc461b34-c7ea-419b-9e6c-f36b9edd2182,INF0059,CAMP017,2025-03-27,31962,1394,770,486,2802,217
e9572bc2-39bd-4bd6-9479-cc36716ca1f2,INF0115,CAMP004,2025-02-10,18706,6056,1516,401,2491,74
5e244824-a5cb-4c6e-b5a4-c55bb4629214,INF0103,CAMP041,2025-03-05,45009,3887,16,53,3659,160
9a7791a2-bd0b-4fa2-8bee-f83f96a06bf2,INF0176,CAMP015,2024-11-17,40937,6114,464,420,1717,275
318910ec-f6db-42b6-b993-ff63c6b18d94,INF0117,CAMP036,2024-12-06,6147,1456,1034,192,596,111
aec2bb19-fbc3-48d8-ad6b-c88272e588e9,INF0286,CAMP036,2024-10-24,35808,4634,1762,84,1899,82
bc2e2b59-2c7d-4667-b664-c7202fddb26a,INF0065,CAMP005,2025-01-17,47719,4502,1567,220,668,108
6db2b020-0a67-4143-a090-103c1e8df8ad,INF0181,CAMP036,2024-12-03,39563,7733,443,468,1607,65
2932a211-214c-4a4d-83a5-34d28e7d3f5a,INF0021,CAMP036,2025-01-31,36199,8079,1648,51,1358,89
549fc34c-0171-45a7-8148-bd11d89462e8,INF0085,CAMP017,2025-01-08,30883,4866,1276,77,150,1
0a398bf7-27a1-48a0-afff-a2f4b5ae329d,INF0244,CAMP048,2024-11-08,34005,7326,1898,103,4075,1
0d04dcb6-98cd-4655-9297-e1adedba9484,INF0243,CAMP041,2025-03-09,47202,7496,1627,148,4285,28
d7d80594-9d98-47bc-a018-0791eeb093fe,INF0270,CAMP012,2025-02-15,31562,8797,1139,36,3195,170
929af586-ca37-4c36-bd94-bf104d187b75,INF0069,CAMP045,2025-01-24,21104,9748,938,488,4245,145
b52a9e6b-c8b6-48e0-92a8-50c55bab7f4a,INF0009,CAMP029,2024-12-10,41049,2609,930,147,4777,169
2f120b9e-f4fd-45b7-b84f-6e3b86804a8a,INF0157,CAMP015,2025-01-19,4932,5660,1978,176,3352,207
28cc812a-8150-40c9-8948-384b11740357,INF0075,CAMP014,2024-12-29,27498,4257,883,324,2199,209
1789be63-6746-4743-897b-303d8b074d1a,INF0255,CAMP020,2024-12-16,24097,4307,994,317,510,195
a9d049dc-369e-4af8-a226-49ee38a06ffe,INF0092,CAMP037,2024-12-13,38383,7365,245,393,976,44
37ec07a6-4b27-4079-9c5d-3f1b54c0c6c2,INF0137,CAMP042,2025-03-05,10247,7556,1671,71,591,113
ff2336e9-7990-4d96-87ce-c69d9e47a339,INF0204,CAMP029,2025-01-27,32362,4669,706,257,3919,61
a6388854-fb2b-4b80-808b-d674d2dd3e26,INF0003,CAMP046,2024-10-11,22059,1660,1724,145,2772,129
72173fa3-5893-4f12-ab3f-8d221d5e6aee,INF0246,CAMP041,2024-11-25,25747,6819,40,496,4192,129
eb29d912-9d1b-43df-a46b-6fcee78d147c,INF0110,CAMP005,2025-02-07,42017,1229,821,334,817,170
aebbaf9c-0a35-453c-b57a-431e3e6b74fd,INF0162,CAMP037,2025-03-30,15621,1890,1487,378,3956,2
cbd431cc-ea7a-4c21-a1a1-a29c5228ed8d,INF0026,CAMP024,2024-11-01,18194,6941,1850,302,2813,10
b9567731-8a4c-4e1f-81af-eb2a62c8c3f4,INF0146,CAMP021,2024-12-03,3147,715,957,50,4701,277
d275bd43-8451-4303-a94d-4fbe06531d47,INF0181,CAMP030,2025-03-08,21081,590,264,385,591,263
823c7ef9-cd85-45ce-83a9-c2355ffd4015,INF0098,CAMP047,2025-01-04,41050,4476,1308,265,4017,210
e5f5c891-4be3-48a8-8b39-dccf7c9f3bc3,INF0215,CAMP027,2025-02-13,41927,2173,36,194,1969,169
15149755-838e-4a61-9200-044b31487df8,INF0167,CAMP041,2024-10-28,41736,8246,238,471,416,15
c5f833cf-f4ce-4477-b8bc-a9ac2ada62ce,INF0279,CAMP007,2025-01-22,29185,4035,533,76,2203,219
10c2c2e5-a07e-4fb1-81e0-6ad888802d4d,INF0177,CAMP026,2024-11-19,29804,3122,278,416,2770,106
3692a531-c609-4cd8-a127-dc6bab9b153d,INF0279,CAMP033,2025-03-26,2770,9089,1827,148,3838,38
1a9af29e-d5ee-4587-ac98-fd9baf76b6c2,INF0154,CAMP048,2024-11-18,44429,1492,655,50,727,105
e0ee5e8a-b3e6-44c6-9428-df6c89aa4293,INF0216,CAMP018,2025-03-02,35714,5644,1105,480,1832,185
d116d014-a585-4828-af6b-bdf3c673f2e0,INF0070,CAMP014,2025-04-10,15485,4969,1571,427,1725,98
275c75dc-afa0-4cbe-bf34-3ca712767d13,INF0278,CAMP023,2024-10-14,30799,9237,610,145,4870,232
09b2eae6-54eb-4c91-b784-ae08758fc8fa,INF0183,CAMP009,2024-10-26,1078,3223,907,413,4926,225
cb51a911-2d90-44ee-8de4-833e12c0620c,INF0051,CAMP034,2024-11-27,5898,2278,1032,494,2729,246
d255a4de-9330-4a83-9208-7e208ede9b46,INF0192,CAMP049,2024-11-23,39290,2470,1243,107,378,132
63561add-685a-4f2b-8236-c0bfe9366a85,INF0139,CAMP030,2025-01-05,47531,1064,138,95,3725,62
50ffde64-6eda-4a8c-a789-e7d0a155eb2c,INF0029,CAMP018,2024-10-13,39411,8624,1330,134,1366,172
88eae7d4-1e49-4952-ac5d-4e5763b664f4,INF0208,CAMP048,2024-10-11,49151,3270,1439,360,4284,173
103056b7-9e4c-44dd-b864-a47ba43447fb,INF0029,CAMP035,2025-03-05,48599,1113,664,320,4496,41
b36d0121-0ba6-4e09-95ea-6825bef6a59a,INF0299,CAMP016,2025-03-23,14503,5891,73,247,819,151
80b9ec30-ed94-498b-9b92-3c67129538df,INF0215,CAMP002,2024-10-30,2906,7499,1827,33,1268,255
4d2551eb-af95-4e79-8971-bf514a32bb22,INF0281,CAMP048,2025-02-04,35228,7769,867,406,1466,293
ed3b9d13-c3e9-4323-8811-86e9162534ca,INF0087,CAMP021,2025-01-02,30432,1528,292,366,4524,197
a9252745-d276-4c96-a526-247461a451ff,INF0044,CAMP036,2024-10-15,45460,1140,648,383,4825,243
38491ecc-8891-47fd-a804-d0ac795741bb,INF0076,CAMP039,2024-11-05,23219,5157,1281,306,2823,214
cc27f386-cbf9-45b5-a418-16b7bf2b43b4,INF0158,CAMP005,2025-03-23,18492,4462,1102,103,2825,160
a250d133-f5cb-4be4-8b83-b5708bb4995a,INF0094,CAMP046,2024-11-06,6796,6463,1989,35,1450,129
ea06f94b-e310-4f72-ad62-d0944c4d6e40,INF0105,CAMP027,2025-03-13,3786,7269,880,105,3654,57
5f857b21-a5df-4f85-bab5-03fbddfcd1d5,INF0180,CAMP045,2024-10-12,34108,7522,1350,42,709,24
243113fd-8e19-4d07-9ff0-b9bf8db3c2c1,INF0121,CAMP032,2024-11-02,10241,553,1714,327,2834,0
98be5ff0-929d-4f9f-8149-a2af0ab1a504,INF0261,CAMP013,2024-12-25,32634,7827,930,317,2468,290
15cadfaf-f26d-4dd3-8c2a-a0b18982cbf8,INF0094,CAMP005,2024-12-08,3017,8057,1904,209,4842,174
e74ed0b3-bdce-435f-bf90-5d6a35c606b5,INF0069,CAMP024,2025-02-27,45135,1881,1194,204,2313,211
e7d73d1d-69a3-4991-b634-646c5806a961,INF0016,CAMP050,2025-02-12,40795,431,726,369,600,88
29344e15-2477-4047-8336-a758d9f93502,INF0256,CAMP032,2024-11-14,49893,827,889,307,3293,136
40b3af7c-d5b2-41a9-9dec-2b8338858f7e,INF0178,CAMP013,2024-11-16,15842,7235,1019,19,853,213
ccb68571-abc5-4545-ae6d-7a041d57e734,INF0208,CAMP041,2025-01-28,24831,5524,155,267,4661,89
c04446bf-d9f4-4bbd-8dec-644cda2d2156,INF0060,CAMP016,2025-04-09,28874,9315,483,470,3784,244
761579e7-8c81-41b4-be8b-4ccbfd75a5f3,INF0270,CAMP015,2025-02-12,26008,1276,1822,405,2154,185
abf39096-4a68-469c-92b9-9a508cb6d1f0,INF0093,CAMP020,2024-10-23,8860,7626,1473,81,2563,150
b9c037aa-3289-458b-9923-cafc402d105b,INF0238,CAMP033,2025-01-30,8910,5749,1106,421,2001,188
5b6d6b7c-54b2-4582-b398-1e9e7cb882a0,INF0017,CAMP019,2024-11-03,44738,9286,1665,105,2643,83
199c8d94-3c0a-484e-a7cd-13cbabda06b2,INF0196,CAMP010,2024-12-04,21823,6072,1556,351,494,252
31891f48-e66e-4c11-91de-febf9e98961d,INF0222,CAMP049,2024-12-10,13879,1130,1305,231,2113,11
9dc89e1a-540e-4d01-b35d-88f37c6166df,INF0291,CAMP049,2025-02-15,12953,8206,237,277,1361,296
27035b27-958c-4936-b186-78ce4e40bfba,INF0134,CAMP024,2025-01-27,39170,9381,1682,96,4582,258
50fb35b0-cec5-4969-9d4f-7107911ddc79,INF0103,CAMP033,2025-01-01,25118,4964,1134,202,2910,225
3f05557c-502e-4818-813c-a9982b2bf58c,INF0237,CAMP026,2025-03-11,10336,3353,1744,306,816,121
a40dfea5-bd64-487e-b652-ae9938b5e89a,INF0031,CAMP024,2025-01-02,24866,5186,1830,110,1809,272
2261ddef-5c07-4653-9711-73e446d47d41,INF0232,CAMP036,2025-02-18,4513,595,1057,113,3980,24
7ade4367-e0bd-402c-94e1-4f3abba41ae0,INF0187,CAMP032,2025-01-07,42297,4049,1947,41,1867,136
4e336644-c657-40ae-9bd6-7d4d7202fae5,INF0227,CAMP008,2025-01-12,10107,6093,95,471,2150,234
a542deb9-2cff-45f8-9bdc-74a98d3a5d76,INF0267,CAMP031,2025-02-04,45527,9290,109,482,4744,14
dbd4a86d-47d6-423c-977f-beeb14fc3a5d,INF0101,CAMP037,2025-03-19,36278,4736,1659,111,3485,129
32495cff-89e2-4f24-a42c-0aea23d7263d,INF0084,CAMP015,2024-11-30,30059,8505,827,170,3912,58
139309d1-a06a-487d-a2e6-e7a6bbc99473,INF0090,CAMP011,2025-02-28,36739,9819,1739,127,3769,138
d97e8d3c-04c4-446a-a461-0160134d695a,INF0229,CAMP018,2025-01-16,16357,661,1943,122,1787,190
94f6c67a-d009-4507-87fc-584ea1b24627,INF0181,CAMP039,2025-01-30,47157,7195,1445,79,344,280
36777be4-970c-4eb4-84ea-4ece67b6e467,INF0021,CAMP010,2025-04-03,12434,9330,1244,52,1159,148
8b20ce3e-42b7-4048-8d35-43be09624ec9,INF0188,CAMP044,2025-04-01,18558,1264,1102,264,2061,8
a7668617-78db-4de3-8a28-4792ffaca645,INF0121,CAMP035,2025-03-09,13388,7211,252,245,4657,42
392a9fc4-647a-4591-9da6-4a3a260ccfb4,INF0095,CAMP034,2025-04-01,2541,2865,76,400,4757,11
db6f1c33-bbb4-40ce-96f0-1335c5ab48da,INF0237,CAMP002,2024-12-05,1769,1522,416,417,1922,134
82aa5c46-8049-4bbf-b6f6-a77822460ac9,INF0222,CAMP028,2024-10-27,22133,6671,1191,469,1489,261
02b622e9-808e-48d2-9d26-4b1b6593b659,INF0283,CAMP018,2025-02-15,12095,8520,1921,284,1943,289
ce7968b7-f6c8-48b9-9915-56643d274ad5,INF0168,CAMP047,2025-02-06,10166,3385,767,28,370,273
839e7623-c1d8-41d3-aa74-b90caf2537f5,INF0044,CAMP012,2024-11-06,6432,1486,677,492,2477,198
90fcc9f1-2ddc-456b-a8c2-cce9723b80d4,INF0162,CAMP011,2025-01-27,8637,4941,684,120,3917,209
256d4d11-f7bd-4499-9f48-2e7ca8cf4f62,INF0206,CAMP018,2025-03-01,21187,2427,1681,110,2215,236
5bda0655-f06d-4a24-bbc6-e121bb64a525,INF0100,CAMP005,2024-10-17,34760,5524,1387,290,3224,62
3b53f64b-7cd6-4da4-82ef-da8b38048786,INF0175,CAMP026,2024-10-22,41228,3178,648,428,2573,52
0af57e60-3be8-45df-9e93-4de043ace875,INF0242,CAMP038,2025-02-16,12907,5709,1397,116,1080,229
ca9d2704-e860-4cb1-8494-205c34ef2552,INF0156,CAMP005,2024-12-19,30506,6135,1628,244,921,262
7463835e-eafb-4f20-b83c-91eb635a11f2,INF0189,CAMP007,2025-03-30,3413,9605,1907,407,2155,8
a605b7c9-fb07-4e93-8a37-31ab0be3534a,INF0115,CAMP018,2024-12-11,38679,2320,243,285,3160,118
8578b1c6-f7eb-469a-b428-0f0d1a6cf459,INF0027,CAMP040,2025-02-10,22577,1314,333,151,333,212
bdedcb7a-d5ba-404c-8603-c9eed463c183,INF0123,CAMP047,2024-11-30,47797,5124,761,398,2436,285
2c816bf0-91f6-4406-8b5a-868394213090,INF0022,CAMP003,2024-12-22,39756,8396,1499,463,4915,203
96721e98-5d84-46e0-a0e6-96ffa75743f9,INF0262,CAMP043,2025-02-13,24290,478,1255,262,4858,257
84440504-13ed-480a-95e1-4d1fe5f22dfb,INF0225,CAMP010,2024-11-27,1737,335,192,204,1938,110
390fecf5-e841-4a39-b901-2b9c6057153a,INF0006,CAMP044,2025-01-18,22630,7371,758,407,3601,154
de22dc3f-d136-4db1-9a57-860767e54646,INF0257,CAMP043,2024-12-15,24027,8801,1585,292,4930,263
e31db345-7b6b-411e-8aeb-99597ca2f582,INF0057,CAMP042,2025-02-04,25161,4332,385,91,1827,198
23936d45-e1cc-4f0d-8078-636d01b062c1,INF0084,CAMP050,2025-01-03,43264,7590,773,194,3039,151
83b8fa05-13bc-4dc6-bae0-acdb2a6524af,INF0278,CAMP011,2025-02-11,9998,2822,570,306,4183,135
2fd90ce1-2676-47ca-b625-fc2047e321c2,INF0219,CAMP028,2024-11-09,2831,1669,1897,83,1968,272
d123f7c1-b7a1-467e-9a1e-00365cbaa496,INF0161,CAMP047,2024-11-01,39765,2455,1407,468,2830,8
cfa9026b-6a24-4f46-baf7-fa21a93e7b5b,INF0289,CAMP049,2024-12-13,37828,5424,414,190,2875,261
acdbd5f2-7b44-4cd0-9d03-c3d5b862acc3,INF0248,CAMP013,2025-01-10,17448,9591,834,243,1465,9
29476f54-973e-429c-b5f0-b1be7aa1219a,INF0233,CAMP003,2025-02-12,36851,8173,930,181,4322,216
3e612d66-05bf-4618-a930-b0c4d5576899,INF0011,CAMP036,2024-10-18,37390,923,1393,389,4201,117
293fc266-97a4-48b8-92d0-031920bd1422,INF0253,CAMP030,2024-11-05,34547,2992,1213,419,1943,234
e40b50e4-0a08-4989-833c-8f55a1298fa2,INF0196,CAMP016,2025-01-29,37486,121,1510,335,1810,57
421d4dca-2a95-4908-8e50-3fd82598f383,INF0093,CAMP039,2025-04-07,9587,7274,649,59,4376,61
67cbfc39-f54f-4b92-8442-906f2e16f0b6,INF0240,CAMP026,2025-02-03,44239,8748,242,358,1054,291
04c44853-a33b-4dfd-9048-65c6f8205aa7,INF0152,CAMP044,2025-03-29,46712,6373,150,419,1166,113
d240ef02-a968-4fc1-ba5c-865db8344070,INF0284,CAMP027,2024-12-04,42182,843,472,37,3397,169
72fefdc2-3772-4a97-95f3-9d39f27f3ad7,INF0140,CAMP037,2025-02-04,19120,8003,1913,274,714,84
7b4e9ecd-de07-47b1-b8ae-8d5dfe268e77,INF0109,CAMP031,2024-11-12,2764,6109,372,314,1462,140
99d090fd-6928-443e-9492-b51a38283a05,INF0156,CAMP043,2024-11-06,39744,1494,108,51,4120,66
c47a3b7e-d209-483b-9528-4c0acb6bf562,INF0062,CAMP045,2024-11-14,43662,3720,1152,90,441,51
43b7a0ef-82c4-4c54-a8de-bd889f8acdeb,INF0091,CAMP033,2024-11-11,48085,2484,819,208,3359,154
ec1f41ce-57b9-4dfb-af82-e70cb9644e4f,INF0240,CAMP008,2025-01-06,24958,1631,1395,385,2732,253
3ad51382-119f-403e-9731-4c9198b6691b,INF0114,CAMP020,2024-12-22,39032,1331,1564,380,3625,165
043d72db-1bcb-404c-a1d8-b96a62ada157,INF0038,CAMP029,2024-11-18,5712,6855,1635,419,3933,78
811db4af-e8ca-4483-9c0e-337585d0691c,INF0073,CAMP039,2025-02-19,21393,2835,405,100,3224,223
9b02c535-2649-4478-9396-6f0a6b77af9e,INF0006,CAMP044,2024-10-28,29074,4311,1196,230,2327,181
9d6022c5-e6cf-4bd8-b9d2-90012d6b8a4e,INF0249,CAMP005,2025-02-03,42169,3827,1425,349,2853,85
880bcb0e-c8ab-46ac-a0b4-659a09fe4cdd,INF0184,CAMP012,2025-01-15,10716,8895,591,408,182,278
7b742440-17db-4c2f-9e15-8e2fc09c2ebe,INF0137,CAMP029,2025-02-15,34743,7705,1079,282,3313,7
8a0ea57a-9a7d-409d-a6e8-790b215d3b1f,INF0276,CAMP014,2025-03-19,5134,9608,699,166,1959,103
c65de86e-f00f-43ef-a59f-c1c2004ea81a,INF0161,CAMP031,2025-02-18,10850,2063,1067,246,1016,112
6bb1f2bc-85a4-40cb-ae76-936aa6340d1a,INF0023,CAMP046,2024-12-20,24351,9958,1028,426,1491,112
87a20e22-b298-4811-8b1e-c578dff47c51,INF0044,CAMP044,2025-01-01,10018,4707,1947,49,3229,218
7b6c7129-cd63-4ba8-b03c-664b3abf9c65,INF0177,CAMP036,2025-03-12,2726,5891,1939,271,887,189
96cbdafb-59bb-4900-a198-b718c4c7aab4,INF0175,CAMP034,2025-03-15,42831,4747,1820,327,2691,180
d6521e08-c2f4-4c10-a869-707cbdcbfffc,INF0083,CAMP047,2025-02-22,5357,4979,1233,244,2789,170
224629cd-6cec-4f82-9903-f9b3937ca77c,INF0295,CAMP049,2024-11-28,33624,977,832,133,4194,163
e8fb5a96-3b85-46e1-840f-54057a25ed81,INF0277,CAMP037,2025-03-25,10843,8828,1936,131,283,208
e073c1d0-9929-4feb-8884-2a14157511ad,INF0093,CAMP030,2025-01-23,19758,2372,976,382,3913,10
01667221-3063-4e7f-81ff-81d1689d1205,INF0012,CAMP035,2025-02-24,38310,3623,1773,224,2538,140
93f6f723-01d2-4a76-8a17-9780be5f902f,INF0023,CAMP019,2025-01-19,39889,2376,1968,348,1153,289
6001f54d-01d7-4831-850f-1cdc1e2a03f1,INF0159,CAMP029,2025-02-14,30823,7969,918,35,1432,14
50deef43-cde5-435a-b011-7b0a349651d6,INF0075,CAMP034,2024-12-28,11086,128,715,20,1496,76
6d130705-279f-41ab-9b49-09b65cbdb682,INF0293,CAMP017,2025-02-13,16764,5855,1564,459,3735,76
dadfc499-42e4-4f01-80ee-131d95dad216,INF0229,CAMP002,2025-01-22,20965,2862,993,458,622,25
9ca4364d-5d9a-49f1-908e-3a956c6e8796,INF0071,CAMP039,2024-12-02,5050,425,1396,161,408,193
c145d6ba-65bf-4e04-ae3c-2ce6fde6849b,INF0275,CAMP004,2024-11-18,35489,1449,1658,317,4310,60
8ebc6d7e-c8a6-4b85-8d56-bff669c9520f,INF0092,CAMP030,2025-01-11,47232,3908,1160,197,2724,261
8e0eabb7-8f20-45e7-9ec6-46eb2dc09158,INF0018,CAMP010,2025-01-11,17475,4334,490,453,2966,51
93e0f235-4e80-410b-bd0e-e0b640f7924b,INF0195,CAMP018,2024-12-15,9168,6961,808,479,3999,92
bc5c3cd8-65eb-44dc-b49b-4b72c6319c16,INF0145,CAMP022,2024-11-05,24704,8805,1536,346,4022,259
1e7c6795-a8c6-42df-9d23-ff41dae13586,INF0164,CAMP006,2025-03-04,30171,5880,726,122,4136,88
b3061300-c879-4932-b254-0ab73ad24ac8,INF0154,CAMP039,2024-11-10,23995,1179,237,341,198,45
668b28da-8222-4d7f-b6e6-ba8519abdc15,INF0144,CAMP046,2025-03-11,41719,1463,422,224,569,274
9d30c42e-8cf2-4000-8d04-c00156a3dccc,INF0066,CAMP015,2025-02-22,1597,3373,1695,50,2238,288
2926205d-0d53-451a-b4f0-2f6faf3f9d9a,INF0218,CAMP013,2024-12-24,7554,9699,1879,156,4896,114
cdeb2696-015a-4a1d-a2c8-cf62f6ee137d,INF0094,CAMP035,2024-10-27,31255,4898,471,16,4622,295
ed054732-78bf-46fa-a534-3e85d2c0dec2,INF0177,CAMP021,2025-02-03,17440,8122,1885,452,4348,184
4359ff43-1067-43b6-9690-636b6f74e55d,INF0121,CAMP034,2024-11-22,13489,1453,372,384,4361,42
09aa5570-9be9-40c7-947d-7bfc5eef0d1e,INF0023,CAMP027,2025-02-27,27872,9040,814,138,4466,21
6690a951-fc04-4a7a-ae41-5f166263307c,INF0088,CAMP025,2025-02-06,41060,7101,60,220,2967,252
b62bccb1-4956-4c36-8560-9e8aa7fb1997,INF0246,CAMP035,2025-02-03,43089,3364,1349,306,2027,203
d1fa82a6-c60b-440c-b21a-6f380eb5e5a7,INF0267,CAMP012,2024-11-13,37009,3157,560,459,1637,286
02bdeabe-7060-48eb-be8e-ed12a3ea21a2,INF0289,CAMP013,2024-11-18,12688,4509,193,156,762,127
cdcd0a34-ee46-4fcd-a829-907cd9beccff,INF0287,CAMP041,2025-01-18,13041,6943,395,234,320,258
c8b190e1-089a-4f4f-b1da-e8174937b90f,INF0299,CAMP031,2025-02-03,12586,1179,840,207,4773,91
3b4ec9f5-b2cd-4a0a-840c-5cb082b34384,INF0138,CAMP038,2025-02-06,47136,9877,1019,75,4035,81
5c17ebb5-093b-4d72-ac8c-dcaf2b633b18,INF0105,CAMP024,2024-11-25,42473,6091,93,486,1116,153
284e4cd4-f9c3-4e05-8012-d399a7af5545,INF0094,CAMP042,2024-10-26,16754,9380,299,380,4914,212
66414954-c798-4445-86a3-cc71ff2f6883,INF0148,CAMP023,2024-12-17,3196,889,1437,86,1714,285
9609598e-67cb-427a-a528-1970ab6ef8dd,INF0280,CAMP014,2024-11-17,20747,8315,965,355,360,207
b4209103-bca7-46eb-83ef-0f77848ac924,INF0280,CAMP013,2024-10-23,40349,7805,715,340,471,237
48d495a4-8cb2-4aa2-9715-1c03eb4f3638,INF0075,CAMP035,2025-02-28,35332,7432,858,190,1997,284
953b0f1f-ea3e-472a-8f22-1604d46b7756,INF0138,CAMP042,2024-12-16,32629,4911,440,46,3983,287
46c937e0-d0c5-4550-b69a-053958f42098,INF0026,CAMP001,2024-11-22,1055,3424,643,110,3251,157
746b161a-31cc-4738-b68a-e9b79b3aa1d1,INF0231,CAMP007,2025-04-08,17691,2238,1426,26,4947,109
42d7f112-0130-466b-932d-16486769b0f1,INF0049,CAMP001,2024-11-12,24112,5784,988,360,1965,167
8f026c2c-1b41-4999-8198-d1f56839f98f,INF0045,CAMP004,2024-10-24,33872,2147,159,150,2813,298
f26f9b19-5708-413e-8b54-167080cfb1db,INF0167,CAMP009,2024-11-01,9837,6482,1040,468,833,36
41f83199-f4ea-4769-8366-c189cd8d9f75,INF0211,CAMP037,2025-03-29,4196,9652,201,222,2311,61
932c3ec9-cb1b-4eff-902a-6cbb89b4094a,INF0161,CAMP002,2024-11-27,46853,338,1565,192,1155,201
60885550-f74f-4900-b159-4914b1b68ecd,INF0132,CAMP037,2025-01-27,36459,7856,1634,465,1475,252
c1e9c4fa-3e47-47fd-851c-91f47bcf2b31,INF0194,CAMP048,2024-12-14,19976,1590,1234,32,3114,124
ae7cfd14-7577-4730-868d-a4b2f613bda0,INF0042,CAMP021,2025-01-07,19824,4895,1656,275,490,104
0700749a-dcad-4ec2-963a-4333e58295dc,INF0041,CAMP023,2025-01-11,6190,4763,928,240,1354,104
61f6dfbe-114b-4c79-8200-79f51dc3c26e,INF0162,CAMP009,2025-02-10,8036,4420,1852,192,4727,292
ad4a2b3c-386a-49dd-be83-c32ac9e55c47,INF0287,CAMP034,2025-02-23,38032,3233,1382,446,4159,163
6994bf84-50d3-4a03-8cd7-608f3adcb38c,INF0245,CAMP015,2024-12-17,10735,1789,1581,52,4591,207
b368d836-027d-4808-8920-7bc484399ed9,INF0204,CAMP016,2025-03-20,1818,4621,1134,33,4995,9
17cf775f-498b-4f67-bf8d-cf96436ae2bb,INF0106,CAMP039,2024-12-26,19385,7012,1840,281,1856,187
578cd875-d231-4372-bfb0-942cac777762,INF0138,CAMP023,2024-10-24,30217,6623,119,436,594,230
79ff89d9-2db1-4deb-ae6f-fbea8df71647,INF0266,CAMP020,2024-12-09,47144,9074,1786,32,2832,22
92ded495-e4f1-48e8-b7f3-f32b5a81762a,INF0109,CAMP043,2024-12-01,17016,3056,1943,143,3917,297
aee01ec9-bf04-48a9-b276-55132ecaf629,INF0099,CAMP031,2025-04-08,19000,9208,726,319,2806,197
bcb3636d-7fbe-4bb3-b0ae-d12de8f10194,INF0030,CAMP031,2024-11-17,19320,3191,569,461,3414,131
df6c0d60-3df7-4a69-bc45-144a3c1fdff0,INF0054,CAMP025,2024-11-30,12650,9273,1248,464,3579,289
d5bea8dc-33e8-4249-baad-584034ef71df,INF0043,CAMP010,2024-11-27,48965,3449,1871,246,3251,193
27ef5357-5b24-4c2a-9e5c-5dcdd61a080a,INF0032,CAMP042,2025-03-10,29363,683,441,310,3451,45
1417c2f9-eb91-431a-9eb0-5b4a1b4ffd5f,INF0114,CAMP019,2025-02-18,49506,9454,638,303,3397,276
9d23c3cf-7e1f-48c4-a9d6-290df4adfa22,INF0178,CAMP010,2024-10-11,10569,5373,1959,205,927,114
f53f091e-8a9e-4964-9b6a-34eac3a58237,INF0159,CAMP042,2024-10-18,24286,7712,454,330,2805,89
9ee4105d-5f06-4c76-bb77-7e71d91738f8,INF0111,CAMP048,2024-12-10,26958,4340,284,183,1911,152
e1886146-fc40-43d4-a5eb-45497e0a04c2,INF0104,CAMP011,2025-04-02,39015,1834,675,60,3466,18
7da56b6e-4654-477d-9e67-a2789313b3a7,INF0159,CAMP026,2024-11-14,24977,780,32,51,4874,193
82d9a774-ea7f-4c7d-83a6-b204fc014a22,INF0144,CAMP009,2024-12-03,9859,9904,1452,173,1022,286
93a05478-c00b-49de-b8db-128d65db6e43,INF0085,CAMP032,2024-11-03,28105,5022,306,116,4083,229
6c5540f0-cc9c-441c-8696-99010ddca788,INF0096,CAMP040,2025-01-10,36995,6664,114,197,2074,131
80a23721-0856-4684-8a6f-c4b3f08d312e,INF0138,CAMP047,2024-12-16,3317,3721,405,49,2561,162
c6a1a468-afb3-43ad-9c43-2ed564caa1c7,INF0253,CAMP041,2024-11-12,15274,5504,1307,24,1343,30
b2c027e8-1ed0-42e9-b9fc-6034750acc98,INF0104,CAMP042,2025-01-18,46241,9525,1447,285,4080,252
0227b8d5-b070-4a53-90ce-857f75c72fb6,INF0019,CAMP008,2024-10-12,17091,5355,232,7,1309,227
94bcf47a-6122-4189-b5f3-de4aac9204b4,INF0142,CAMP009,2024-10-29,16037,1985,926,464,1349,290
dca1adcc-9cdf-4664-9c91-f845534fc96d,INF0053,CAMP047,2024-11-29,28757,4910,957,140,3788,171
3cb526d7-434a-430e-8c6e-a6ad2fe938e4,INF0047,CAMP030,2024-12-01,36755,8727,861,328,4350,72
57d52b78-9cf3-437e-b562-037b78aa16ea,INF0004,CAMP012,2024-12-20,33584,176,825,260,3735,105
35e574e0-6c87-4546-bfaf-64582f14f777,INF0039,CAMP028,2024-12-30,20257,3446,97,215,3198,76
5d75c03c-5f4f-4f10-808f-e6d7b361e70a,INF0028,CAMP002,2025-03-24,37617,9697,991,209,3858,141
2e0d3860-7362-49b7-8795-cd1d668d3c8b,INF0084,CAMP015,2025-01-28,36167,4740,922,156,1519,140
af9e7a0e-936d-44a7-bab1-996a21925613,INF0251,CAMP047,2024-11-23,46679,8947,459,213,92,263
451b6267-b887-4caf-9991-103fd06eccbc,INF0244,CAMP003,2025-03-15,10852,5487,605,20,2274,62
db370ca7-6ea5-4341-8e2a-c3ff3c5dba42,INF0049,CAMP033,2024-12-22,19205,5746,859,259,2701,278
f58ab7c7-cccf-4130-a556-03d4323132fa,INF0206,CAMP030,2025-03-02,49940,2977,1496,203,4133,233
027e789c-ce40-483b-b915-ad7e2648c819,INF0046,CAMP038,2024-11-13,18325,4123,258,250,989,74
fedd22d9-226c-4c6a-bfe5-a4b66be8c756,INF0157,CAMP031,2025-04-01,35493,9276,1597,442,1386,65
88b3152d-845a-41b8-a172-6883d9719e00,INF0150,CAMP020,2025-02-26,33800,6085,834,347,1206,54
4ccf0a4b-7c93-443e-890b-945450d3802d,INF0061,CAMP025,2024-11-27,35311,371,255,180,4126,115
0c36ad4e-915d-4a63-9bc6-c9288fe84e20,INF0271,CAMP001,2024-12-26,20093,9446,1135,314,3903,291
0f5e8b47-29d0-4613-b0c7-700219566990,INF0210,CAMP047,2024-11-20,7722,8301,58,491,780,56
d6c6d997-79fe-4ccc-8119-20f6d0566199,INF0283,CAMP011,2025-02-09,35416,4328,1616,87,4521,270
55ac0d06-be9d-4951-b329-af6e18a73d94,INF0111,CAMP037,2024-11-29,16222,3329,1565,425,1716,121
8eb7c306-8f73-498e-9c3d-0d5f5c6801d6,INF0041,CAMP039,2025-04-08,12161,2789,1056,283,2860,8
0513eda8-5819-43cc-81f9-994acf5d337f,INF0013,CAMP028,2024-12-28,12162,6038,1865,56,3671,99
adf9568b-de0b-4e18-99e1-10eb1f096b9d,INF0193,CAMP018,2025-02-04,12314,752,1713,315,670,206
a65d958e-936d-41a8-93ac-b00e32eeeb38,INF0300,CAMP046,2025-02-13,11435,4612,673,424,3761,104
c7c2564a-fab8-428f-acae-93a289d716ef,INF0010,CAMP036,2024-12-04,38011,9680,373,463,451,93
82ac7e1d-ac56-4da6-9339-1df45ae86d18,INF0229,CAMP020,2025-01-12,25843,6012,1044,324,4271,189
e3bef3d6-726a-430d-bc8c-fa8fc655a597,INF0089,CAMP035,2024-10-25,14663,4884,1047,261,1282,280
76b874d3-4959-4bed-9d19-11a5618dde71,INF0105,CAMP035,2025-02-09,25722,7546,530,122,3727,143
2ae63af6-de46-422e-a514-c7cef4e35f7b,INF0289,CAMP002,2025-02-11,9205,356,1379,190,1473,206
6bfc2a47-565f-4491-adb6-8b81cec68cfe,INF0172,CAMP016,2025-02-09,35012,6866,1216,403,4217,282
d9518f98-679f-4f42-9256-d7079cc05b67,INF0074,CAMP035,2025-04-04,14275,1009,1480,377,4507,92
57f7d71f-2978-4c73-9440-adec12439b0f,INF0063,CAMP032,2024-11-23,33624,9507,1705,376,4864,268
4a965478-a72b-4ddd-911e-eeb850405c43,INF0194,CAMP019,2025-02-24,9855,5968,609,15,1088,265
653c8f74-a507-4897-9afa-826744791214,INF0297,CAMP027,2024-12-01,36771,9367,1673,32,3138,137
dce0e2bb-c7ed-4a02-b1e4-dc42e33fc52c,INF0229,CAMP029,2025-04-10,24761,7698,1327,235,3703,103
855c0a97-9640-4fcd-bf76-14495cf85eeb,INF0204,CAMP014,2025-01-05,40851,5594,1875,58,1349,30
daada0b1-2f13-4a6d-aad5-5c0b69fb2fe6,INF0135,CAMP041,2024-10-14,41201,7789,1529,257,4440,155
a97a4f4e-3c10-471b-ba4f-4b0320029d9f,INF0158,CAMP037,2024-11-27,48734,5973,308,467,4246,55
bfeef19d-b360-4faa-be6e-9d47f0c0804b,INF0239,CAMP009,2024-10-25,45774,8383,1824,451,158,167
1a5ed196-65a4-479b-aaba-a4f935e80364,INF0300,CAMP022,2024-10-28,31615,4637,227,226,2770,15
7922b440-e0f1-444c-afd1-b5881054b2d5,INF0278,CAMP049,2025-01-24,13856,7841,1019,367,2563,241
65a29cc8-c55b-495d-86bf-d9c40dc78104,INF0090,CAMP008,2025-01-19,40749,8321,368,411,1307,234
1a9b0d42-154f-437d-befa-c198c3d6cd54,INF0265,CAMP031,2024-11-29,6958,9196,1302,190,2228,290
a7a31d25-1595-4c42-a7c0-0f899e3bf1b3,INF0277,CAMP031,2025-04-08,1179,3973,1513,381,1236,270
3ab7127e-4f32-4a54-a3cc-f604e2ae3f87,INF0096,CAMP006,2024-11-27,46565,4560,990,357,4557,222
a06109db-7172-4636-88bf-b602bcd2e8eb,INF0118,CAMP034,2024-11-03,38055,6902,116,386,4928,243
2bacf712-d6a9-49e8-86d8-95e5219b606d,INF0073,CAMP037,2024-10-15,13755,965,943,30,653,124
dc412176-5b59-428e-a9de-5b2608ffeab0,INF0073,CAMP032,2025-04-05,43618,3480,1729,191,1663,185
7799fddb-79e5-46e7-9d3e-e854534064b0,INF0253,CAMP013,2025-03-28,44306,9391,1084,279,198,218
8c6d768e-45bc-43ba-af52-d36e8a63b93c,INF0122,CAMP019,2025-01-04,47359,6781,1718,160,3359,81
b29769b2-f2cf-4cae-b833-ebfb2296e3f1,INF0273,CAMP004,2025-01-22,39460,4318,1382,200,2427,110
74e0079a-98fb-4727-9740-b2122d5245f4,INF0258,CAMP025,2025-02-09,30381,9003,1132,31,2698,145
9061498f-e096-421e-a2c7-23d4bfb8abb9,INF0182,CAMP001,2025-01-02,22692,7507,880,391,3624,195
88a613b4-a3b8-4f92-a3c9-0c6a86017633,INF0297,CAMP037,2024-12-09,25846,9835,559,118,4713,137
8a27b0b0-7b4d-4646-98e0-058fe8af301f,INF0102,CAMP014,2024-11-23,5893,9576,896,227,2308,286
4ed0730d-711d-41dd-96ed-0330ce015413,INF0180,CAMP039,2024-12-20,12735,7827,1142,300,2103,37
4db6f475-27dd-4ac4-8282-b6e46986305a,INF0169,CAMP036,2024-10-12,34092,8052,253,331,1036,46
c21f84fc-d0bc-4ad5-85f8-0d9b00060d5a,INF0249,CAMP015,2025-03-23,45653,9328,916,384,414,89
781d5b6c-4969-4032-9808-d79022e49628,INF0280,CAMP029,2025-01-21,48176,8039,1658,50,4419,42
7def3b8e-ec0d-4c3a-b011-b125022111e5,INF0208,CAMP033,2025-03-05,47940,3181,1362,191,2157,248
c4100108-0256-4389-8cb3-46637a211151,INF0270,CAMP025,2025-01-01,14313,1659,1751,324,675,279
3b30ee97-98d5-4cf5-8afc-f9e8cc476b72,INF0155,CAMP037,2025-03-13,14285,8382,176,451,4352,281
30463008-5fa7-4012-8c57-a27701d909b4,INF0065,CAMP004,2024-12-28,10372,8028,1802,239,1951,73
650e78e4-6fe6-43f1-8f80-7d8be1d55f85,INF0187,CAMP017,2024-11-27,4747,2770,739,244,2630,140
a55fa725-bcb3-4168-b706-2cfa29cc0789,INF0265,CAMP011,2024-12-24,19890,4825,207,209,1799,55
4352acea-3878-4ecf-a0dc-12ebd413c850,INF0287,CAMP022,2024-10-25,14092,7102,891,466,689,291
84408e98-3d53-4c43-a015-2b5b6c17e150,INF0288,CAMP034,2025-03-07,30759,3085,569,206,4643,59
cebd3b2b-9cfb-4ce7-a8f2-c584ccca1e14,INF0257,CAMP001,2025-02-21,48342,137,34,414,510,58
a60147c3-48e0-4502-8598-f3c8af449605,INF0297,CAMP030,2025-03-03,24984,5267,1361,437,4201,64
69b41194-44d1-4524-8f0e-1567882d7fc1,INF0268,CAMP005,2024-11-15,27623,5097,1634,453,2890,256
22f9cafe-2eb2-4ca3-9186-da93da7dcc53,INF0160,CAMP042,2024-12-05,40657,2196,1692,320,2510,1
9e2383d0-7491-4c14-a30b-669c1c405045,INF0145,CAMP046,2025-01-05,5515,5792,1818,53,4989,130
7df37378-9f6c-4ab4-b352-2c1845aa9503,INF0043,CAMP050,2024-11-15,18360,7445,1326,50,1243,270
0cb4afe1-26f3-41c8-84f7-18c85215b503,INF0139,CAMP020,2025-01-21,9983,736,1737,378,4883,64
1a2e9864-f8ea-4a36-af99-9b2a05aa5eab,INF0088,CAMP024,2024-12-03,39091,6132,1415,93,3694,270
703c1286-b717-44cd-a002-91bb44e9f8fb,INF0094,CAMP027,2025-02-28,13501,2208,707,35,1292,11
269334ef-1717-4654-bb99-78150219a9c7,INF0032,CAMP032,2024-10-12,30672,4432,1772,185,3950,45
6b950c1d-5787-49d9-b799-a3767e5b3ac9,INF0080,CAMP007,2024-12-09,25323,7063,1792,477,4257,291
ff7a884d-7f96-4d35-8ca9-9089c9254bb5,INF0119,CAMP017,2024-12-21,13780,7169,1772,365,1559,116
081fec82-ca9a-4f77-b26a-51a576b40672,INF0043,CAMP048,2024-12-13,47874,9864,823,117,4789,227
f39ef1be-c025-43ea-97f2-a67814898025,INF0147,CAMP017,2024-11-07,20116,7933,671,379,3691,62
6475c0ee-c691-4069-8439-940d0e588770,INF0156,CAMP001,2024-10-23,4499,9736,1355,405,1239,84
3133839e-2e7d-452b-b85b-8a078b0ea0b9,INF0137,CAMP013,2025-04-01,26034,9504,473,404,1075,105
61af0e8e-d137-47e1-8005-353dd76f1e65,INF0072,CAMP043,2025-03-19,36453,9485,1238,317,2434,194
c4a531cd-f97f-4994-9f38-df55033ac4d6,INF0158,CAMP013,2025-02-25,18682,4202,914,471,2078,53
f997c779-c56f-45e6-a282-1d613fbbff57,INF0104,CAMP022,2025-01-04,39737,2720,608,262,2339,202
08942176-fe99-4f69-bcd4-99753f46057b,INF0031,CAMP033,2024-11-17,10677,7790,1450,258,4529,286
180dc855-c55f-4de8-bc3e-1d1975f94230,INF0176,CAMP046,2025-01-19,13334,2766,473,279,4268,133
790b185c-355c-4a9c-bb6b-f1dcaa7f7e06,INF0107,CAMP049,2024-12-24,1840,5999,32,58,1014,234
efabcd73-4fe6-4636-b612-1d2cae7300eb,INF0059,CAMP036,2024-12-11,39658,4411,1216,61,706,89
0accb23c-ba6d-4ed8-a110-e887289ac251,INF0045,CAMP012,2025-03-03,27880,2680,1566,56,1411,170
1f44aa88-855b-4c5b-8cb1-457eeffad15b,INF0067,CAMP049,2024-11-28,15635,771,787,324,2329,67
32df8d45-4c7f-43bb-a376-0c2d7b31dcdc,INF0028,CAMP004,2024-12-18,13878,6863,1996,78,1051,183
aaac826e-dd18-4b28-8d55-9b64e3347bac,INF0023,CAMP018,2024-11-21,3176,2438,1865,190,4624,58
a206527c-3c68-41d6-9ce8-e12ff9287d26,INF0001,CAMP003,2025-01-02,41002,8072,476,289,650,99
cb5d2b59-2ad8-40ca-83db-7a2e531350e0,INF0189,CAMP029,2024-12-02,48993,4583,250,274,1804,175
ca0553a2-6553-415f-9ea1-5b0f95aeb18b,INF0233,CAMP023,2024-11-26,44284,7496,1204,227,4358,281
94c176b9-0ac0-43d5-b805-90f002493a09,INF0041,CAMP035,2025-03-11,23821,4795,1300,493,2638,246
98a15e4f-b03b-4934-b9ab-56d1b0d515ab,INF0244,CAMP019,2024-11-09,21141,4116,799,338,4289,54
3fac4317-16e8-47b0-8552-f3c55f13fb98,INF0161,CAMP029,2024-11-09,40236,5890,89,35,914,204
9e5f8273-af9a-4168-9766-17957ffab493,INF0052,CAMP010,2024-12-14,39985,5772,1512,81,1460,186
c27288e6-ff39-4117-b83b-1806ee4c1b18,INF0052,CAMP034,2025-02-08,21946,698,1654,484,1982,224
a502dc4b-5b03-44d8-8f4d-6c400f5f9707,INF0248,CAMP005,2024-11-08,24671,166,582,448,3448,190
1b7e0502-ca9d-4831-894e-7397b38a3db1,INF0189,CAMP023,2024-11-03,40197,8223,1947,100,824,96
fb4f1972-5115-47ee-bb90-908e7ce34563,INF0113,CAMP028,2025-01-26,25188,9778,1981,136,979,120
58e9d0aa-c1b6-4dd4-a507-84cbc9df301e,INF0197,CAMP038,2025-03-15,43465,4829,1827,389,2869,38
31662c94-bbb2-4366-b04f-e1a8e44cbd41,INF0054,CAMP026,2024-10-14,2184,8580,209,280,577,172
b972393a-5bb0-4d76-a0b5-7717b072afc8,INF0248,CAMP026,2024-11-05,6206,7349,1095,291,1573,41
7c3cc2bc-0a1b-4bd3-a60e-c813402da0fa,INF0012,CAMP001,2025-02-24,17105,2988,652,119,1291,136
8af09ec3-4b72-4a7c-8f1c-3fa070000009,INF0106,CAMP016,2025-02-22,35263,992,396,230,2578,241
2fc6c4e6-9113-4d7e-b095-26217d76ab58,INF0141,CAMP002,2025-01-23,18094,3795,648,25,4562,84
77e8b762-bb7e-4979-92dc-bffd59008d65,INF0167,CAMP020,2024-12-02,26671,9101,1006,13,1042,257
ea1af7d2-9943-46bb-94d3-53a5de1f1619,INF0275,CAMP046,2025-03-26,20945,3916,499,225,2423,16
87f89f62-11a1-4557-a90c-44148df50b01,INF0089,CAMP038,2024-11-09,36165,6069,1187,444,1026,222
436adb9d-d1c5-4a00-8bb1-3407730ad7de,INF0121,CAMP033,2025-01-23,15746,4368,13,346,1713,109
c6a28e4e-002f-4ca4-b43e-85315dfb1922,INF0037,CAMP032,2025-02-10,28206,3972,1064,443,430,267
2f7f2cd7-bbd0-4e6c-a108-ffcc8186722b,INF0011,CAMP024,2025-03-30,41775,9884,175,192,2439,18
5d340833-db59-4a19-9ea6-ed4a04cad30a,INF0116,CAMP020,2025-03-09,10399,644,1043,84,2289,189
b893b08a-5219-4216-bd21-1daf9ec5405d,INF0068,CAMP027,2024-10-22,45891,6880,436,340,3180,96
d1ad3e51-89f9-4de9-b798-0131a885a7b4,INF0275,CAMP021,2024-12-24,39165,6252,466,287,4418,7
7f5f61aa-aee7-47a5-8629-6fbe309b48dd,INF0208,CAMP018,2025-03-07,47716,1246,1066,5,4349,5
487b25d7-9cf0-43dd-a775-29a28d2cfe83,INF0297,CAMP005,2024-12-11,8953,4884,859,325,1511,135
1c4760a5-5270-4b29-a412-47a268e8f311,INF0025,CAMP005,2024-10-28,43678,4875,1371,182,1219,230
0b34fc84-1111-4e29-a8ad-153985f0786a,INF0272,CAMP016,2025-03-21,30166,7305,1458,139,3967,234
df9d3910-2dbb-45bd-a138-e2e6f013a170,INF0160,CAMP038,2024-10-16,41597,8286,1945,312,2241,75
310dc9d1-7c41-4a2a-9b67-f7bb33bb7382,INF0145,CAMP037,2024-10-29,31554,6939,1806,272,1812,32
d617b9c0-a449-464f-922d-dab608252b39,INF0214,CAMP050,2024-12-24,37331,4684,731,438,3150,38
9fbc879e-869c-4a8e-bd6a-b7c2a86d8706,INF0100,CAMP045,2025-02-23,28703,2373,1591,71,1727,22
5dc96097-0c90-4028-8185-300d971df5fd,INF0094,CAMP050,2024-11-21,36052,5152,928,415,1639,137
03599c6d-1224-4bd2-b7c4-b3ee9b1fc6d1,INF0272,CAMP041,2025-04-08,23113,794,1673,233,4462,85
7dccc026-a7df-40b2-b56f-dc0aebc8f6b7,INF0256,CAMP017,2025-04-08,21067,6804,1234,440,1553,177
77d2b94f-1478-4c9d-9503-0b43e3c7ca9a,INF0245,CAMP022,2025-03-14,28818,1968,1681,63,1778,267
8eda6433-5c65-465c-8f8a-0c2ca3900bc0,INF0260,CAMP013,2025-03-03,19526,9440,50,383,303,6
d2705470-6a7b-48b1-a3f3-42a8f030bfd4,INF0216,CAMP005,2024-12-20,7212,4737,1618,266,4234,207
d2da43ec-0eec-4013-b55b-eaaacb53f0be,INF0213,CAMP002,2025-02-06,49015,6576,1110,292,1054,46
bbfb1b71-0a68-4eb8-876d-e8c5440c7e5b,INF0110,CAMP008,2024-10-23,46482,309,897,424,203,9
f1d188b9-13f3-4289-8dcc-b05dd59ef0fd,INF0157,CAMP005,2024-11-20,4148,868,992,492,3252,66
19e9e3a4-18dc-4eb6-84fc-fcb0f5e90352,INF0228,CAMP035,2025-02-27,8399,6438,1894,34,408,295
30807a5d-62a5-4eec-881a-f04f3b23feed,INF0220,CAMP031,2024-11-16,39034,4454,301,303,4288,234
91ed554a-3fae-4f01-a829-0f3c86b4852c,INF0115,CAMP045,2025-02-08,21569,9011,1197,485,2181,76
bfcb3388-8ef4-474b-adcc-4095f28f9444,INF0161,CAMP005,2025-01-26,31285,7870,1632,274,3573,174
c42b266b-1b02-4a24-bf00-f56c6a4989a6,INF0054,CAMP004,2025-02-11,45754,3180,1086,81,552,111
756eb67d-acab-4b69-9ba3-7cb59399ad15,INF0165,CAMP023,2025-02-23,18434,7485,1995,369,3822,123
1aa67474-e200-4157-ad54-c95aaa4d52a8,INF0019,CAMP001,2024-11-11,37135,8195,1055,372,2547,39
66cc7376-8cca-4963-ae2e-77a4cadec379,INF0038,CAMP048,2025-01-16,3768,5402,1468,111,1261,263
88adb388-287e-4086-a854-027e56673e49,INF0086,CAMP004,2025-02-03,49583,1260,1891,390,2433,94
e7094153-5a31-4916-aefb-2a2471693ed5,INF0245,CAMP021,2024-12-10,46657,4735,1105,274,73,111
531c8812-ff31-450a-bdd0-84a18cd2216f,INF0300,CAMP037,2025-03-23,2079,8470,809,438,2010,280
a21c1209-c3a1-462d-a98f-546d5f290290,INF0189,CAMP002,2025-01-01,10001,519,1282,80,3866,254
9bc0fa93-52cd-4def-b9d2-76f4d37ee471,INF0294,CAMP033,2024-11-25,35108,5237,1103,342,641,14
60042231-36c3-4e85-8bae-295e902a405c,INF0176,CAMP008,2025-03-07,35060,1754,820,192,2808,16
410bfc29-be9c-4fcf-ad17-f6e98cdc718d,INF0288,CAMP022,2024-12-18,16926,8594,96,322,487,28
f5b70dd9-728f-4897-b3d0-b6c7f62ecf88,INF0022,CAMP001,2024-12-26,42756,8851,1550,254,3624,201
fba3091f-08df-4af8-b9ef-aad6000cd21a,INF0101,CAMP007,2024-12-04,24202,784,1174,142,627,197
2294fa0a-8482-4c08-842c-65ad9883e9b1,INF0228,CAMP025,2025-03-31,42787,530,1073,11,1759,150
fc0145e1-4ce2-4fa2-81ae-7eb14d457ea5,INF0211,CAMP046,2024-11-22,38973,1520,1286,25,818,32
058e389e-509d-47cd-9b10-7e7f36fea0b4,INF0260,CAMP042,2025-03-08,29506,1431,748,288,119,253
d284b528-b091-4fb7-b17f-3f92d26aa790,INF0144,CAMP024,2024-12-02,49068,2893,854,179,2422,158
8e6b3085-82e2-402d-8dbc-de5aeb4aede6,INF0286,CAMP018,2025-01-28,42003,254,876,414,3498,230
18233383-279b-437c-9255-273fed0940f7,INF0225,CAMP025,2024-10-17,29702,1992,1092,384,947,234
236eb832-27f6-42ac-9b0c-417075dacbbe,INF0107,CAMP032,2024-11-30,24057,6132,747,171,923,53
3ff69f41-9508-4801-a3be-7ca05df924fb,INF0245,CAMP035,2024-11-24,43845,2414,326,304,3242,24
17871810-4ce0-4ecb-8fa2-8fb84199322e,INF0160,CAMP020,2025-01-28,8902,1289,1022,195,4146,228
37a9f824-eafa-4d5b-91ae-3d4c66592d83,INF0086,CAMP017,2025-03-01,19125,3788,1351,295,3796,42
cafbc4fe-531f-44af-b93c-92d513c37b5d,INF0111,CAMP013,2025-01-11,37735,7523,316,442,3265,145
e6267164-d361-4b3a-bcff-ae922c435667,INF0164,CAMP041,2025-02-20,32017,332,1936,275,3181,295
e85c1ec9-d1cb-4092-9383-f86db3edd6ed,INF0235,CAMP037,2024-10-28,30377,333,1401,187,2942,231
09912f46-4ce6-428b-a46a-cc9a98611260,INF0107,CAMP031,2025-02-28,46647,845,1414,188,477,184
1417182a-61ad-418a-9387-5413ceef7261,INF0134,CAMP028,2025-03-10,1799,6607,211,374,885,126
559a8f54-c559-4d0f-abff-c53f0e50f355,INF0135,CAMP050,2024-12-16,22767,6307,500,139,90,295
6aa12abd-6f2e-42b9-9130-32dbe13a14ca,INF0003,CAMP017,2025-04-08,14262,5329,1254,374,2465,3
c5384872-deaa-443e-9edb-be71de2a2ddf,INF0244,CAMP006,2024-11-23,5261,5245,1428,478,3138,215
9a307096-d977-46be-a71c-8948bf67de42,INF0092,CAMP035,2025-04-08,3590,7472,1535,423,2497,206
a1d770ea-c704-480e-a246-6cd702ed5d15,INF0107,CAMP018,2024-12-23,31820,5075,839,372,4904,162
0a8aeb94-863d-4cd6-8e06-48d00ddb545b,INF0173,CAMP035,2024-12-11,20814,2095,1944,25,3941,162
53ab3cce-264a-404f-909e-21ba8a38d5aa,INF0097,CAMP019,2025-01-15,3102,3130,342,131,2802,242
0ceeddc2-2737-4345-b886-29ffb2a0f778,INF0088,CAMP016,2025-02-17,10624,6847,312,468,4380,183
f89617fa-6493-45ef-bf53-76a4bb48bbba,INF0038,CAMP011,2025-01-04,13482,1650,1802,139,4706,95
8135f15a-9343-46ea-985a-9548c0ba22a4,INF0201,CAMP029,2024-10-27,34305,6672,244,353,1554,50
c94f6ed3-4a2f-4876-ae93-561538da9a90,INF0081,CAMP036,2024-12-25,47146,1790,766,115,3801,141
1521ad35-560f-4e2d-a1d7-243225e42403,INF0197,CAMP023,2025-01-10,26595,8155,1624,394,722,18
8c53b74c-0c9f-46e6-becc-f7609249ee3a,INF0127,CAMP013,2024-12-26,44036,544,975,211,513,279
80777ac5-6605-4e3c-95c7-bc834336ffe5,INF0151,CAMP048,2025-01-02,45725,4108,1466,405,546,235
c31496ea-2160-446e-b2a7-a475c6196773,INF0173,CAMP030,2024-11-05,46227,593,979,315,1476,156
7ce4770e-32b7-4d80-8f2e-08d37b1dbca3,INF0258,CAMP036,2024-12-25,5761,7730,376,42,692,254
8fa8ae34-3233-4053-9242-ba54a6f9c0e1,INF0208,CAMP002,2025-02-06,5190,1983,848,482,811,189
3f09f7a6-8635-4a54-bc54-b8c1ff408dcc,INF0199,CAMP036,2024-11-26,31428,855,1456,328,1713,92
6e18c9b3-c6da-45f1-8429-6ca21257429e,INF0300,CAMP005,2024-12-11,21534,4160,519,162,3662,210
16efacdf-9375-4e61-ac94-503eaf4afcdd,INF0154,CAMP037,2024-10-31,8130,3286,1982,162,4404,250
5d822e3a-6c6d-482b-a9e0-8370abf7a5d0,INF0122,CAMP043,2024-12-16,8942,7648,570,381,1914,296
9808552c-5832-48de-921b-e8c230c3ef8a,INF0077,CAMP015,2025-02-14,35229,4392,230,487,57,31
2b54500d-4e08-4bb4-8509-d55806326b36,INF0269,CAMP029,2024-12-16,23588,1387,806,99,602,148
cd840a47-fd7b-4279-9253-55159dc0a8b5,INF0204,CAMP011,2025-01-03,29161,8204,203,486,4020,195
0b7d1856-70c2-4600-a554-5c1a9f88dda3,INF0249,CAMP050,2025-04-07,15547,4860,679,470,1947,138
af73b3cf-331e-41f2-bbc5-f97fd173b70b,INF0221,CAMP017,2024-12-21,47233,4187,1282,283,4069,275
da4ec04c-ba7e-4b86-81fa-d75327ef0a4b,INF0002,CAMP024,2024-10-26,49926,1022,651,82,4917,240
3e3869e2-0df6-4417-bd55-38c71cc464ed,INF0141,CAMP036,2025-02-07,3722,5455,1023,132,2600,199
d51b1974-de66-4dd0-a5ce-2a21ed3e2846,INF0031,CAMP010,2025-03-18,12284,5453,723,283,1716,147
b19c905e-57e0-41f1-8384-066149a5baeb,INF0029,CAMP041,2025-03-15,23689,8352,134,460,3997,242
789fed96-7337-4c2f-8e1c-37621c7cb6ed,INF0249,CAMP029,2024-10-14,42432,1058,542,498,131,9
89bab9c8-bd71-4da3-b581-a63254f5df70,INF0012,CAMP007,2024-11-20,49319,861,1147,30,1856,32
c017466e-85f4-40a2-8be2-7516342c5348,INF0062,CAMP037,2024-11-29,15126,5254,1738,460,3709,248
badc4599-9f7f-4e0c-bba7-9d058c7e2904,INF0083,CAMP025,2024-11-06,47648,1155,1864,16,3966,91
04b51c12-ab13-4032-b2e1-9f66b1f02ea8,INF0001,CAMP006,2024-12-22,6255,9511,142,477,4231,294
86dc4e34-a9dc-4e52-a7f2-418a953fcfd4,INF0279,CAMP004,2024-10-18,34971,2910,1054,489,4723,262
48b51c88-0f63-4f4a-ab9a-118e4165964c,INF0049,CAMP016,2024-11-17,8507,4957,1888,358,3196,289
4572b385-9e32-4085-b24f-92b9ca0841de,INF0282,CAMP002,2024-10-20,39524,4514,1120,45,4103,185
0222305d-f1f7-4605-a79e-36267707ac0e,INF0266,CAMP015,2024-10-22,48145,1216,1730,219,2626,264
a9b92a1d-4574-48ca-a90e-319d637e3f94,INF0114,CAMP036,2025-03-24,22448,9779,1837,52,4242,94
dd419a67-5c37-4254-a8fc-5690e9b1c4a1,INF0074,CAMP016,2024-10-30,38621,2041,1110,212,1294,261
e226a768-de0e-4c53-8ae0-fd7a04e25132,INF0259,CAMP010,2025-02-13,17059,4449,968,325,869,234
6175a257-fad3-444c-bb2d-ddc962f32fae,INF0250,CAMP012,2025-01-16,8512,6990,845,160,4600,114
e76428c4-197f-40fd-b5ae-2a56fa033d6c,INF0228,CAMP002,2024-12-10,46913,2965,1559,20,4572,41
88145bde-98db-4732-9de4-d1947c12d198,INF0110,CAMP022,2024-10-27,32555,165,176,77,452,111
f77fa3a7-802a-46eb-b2e9-7c2d2fb90ccf,INF0274,CAMP023,2025-01-06,22076,4519,1826,451,3089,122
05804493-b664-4199-ad25-459e8f8937fa,INF0218,CAMP036,2024-10-17,47433,8684,213,262,4591,196
4e0fbae1-8787-43f4-ac19-e4eb3f551740,INF0180,CAMP022,2024-12-13,31531,364,102,154,1484,137
28317f0d-be90-43fb-a4b5-d9a57d6c3d2a,INF0208,CAMP042,2024-10-13,29393,5792,316,270,4791,112
5afa0fb3-5a16-49d9-af2f-077358c69158,INF0191,CAMP047,2025-02-08,43072,6165,1030,136,684,47
fa6e3743-fef9-4d57-bc77-ea4a4d654036,INF0288,CAMP035,2025-01-15,11057,4777,180,370,4929,58
a033edad-0fdf-4e19-8fd8-35fc469ff562,INF0181,CAMP019,2024-11-29,35017,7740,1128,373,1295,102
fffcd743-e3f1-4406-a31d-9c8be0f0fe79,INF0054,CAMP031,2025-03-17,31098,542,842,72,3661,273
8e10814f-f1b2-4143-878b-13a9fd88565a,INF0282,CAMP040,2024-12-03,8058,922,1664,384,4786,7
e5ad481d-577f-4c16-a6d6-58fb39bfc9b6,INF0051,CAMP043,2024-12-25,21951,7962,1737,253,284,82
bada0c94-1679-4be0-a323-8416a82cae18,INF0093,CAMP010,2024-12-23,30495,1391,1450,124,3704,16
9cc96aed-ad91-42c5-b5ea-4128854dc3bf,INF0253,CAMP010,2025-03-28,49926,5535,847,277,1379,292
6ad65b8c-3a38-4844-afbf-fde4a0226155,INF0210,CAMP026,2024-11-25,20184,2875,726,417,3537,215
f8751fd4-6d2c-4f42-a71a-919f92a97acd,INF0080,CAMP011,2024-12-09,22381,990,1580,293,2115,164
72fcc072-544c-4132-9af9-7493e8e46b31,INF0013,CAMP010,2025-01-23,26965,2100,1481,5,368,216
2379c05f-a708-4280-b4ee-0b6721bbd183,INF0034,CAMP039,2025-01-30,31985,8091,1113,169,4558,251
33ca9a6b-ccd3-4f7c-af1d-cfb88a962a11,INF0012,CAMP017,2025-03-26,39703,823,291,116,2820,238
b483d162-b043-439a-8f1a-84cb235b275b,INF0268,CAMP021,2025-04-02,15633,669,518,442,595,262
6e18b184-229f-485b-a8d9-1a2086181db2,INF0035,CAMP015,2025-04-04,8641,9030,546,238,108,250
a7fecdcd-2528-4516-8521-ff2ef9cc83ed,INF0086,CAMP006,2025-04-09,14491,9010,865,153,4728,120
51476e86-2875-440a-aac7-dc2e9099a283,INF0253,CAMP029,2024-10-23,38629,3011,809,313,2156,68
b82d40de-f2d7-4d53-8870-2ae78eadda9a,INF0086,CAMP018,2024-11-01,18634,8277,1659,188,1395,53
e12ff6cd-d6ea-4269-914e-13532f237c4d,INF0197,CAMP003,2024-11-07,45324,6536,494,391,852,179
51958000-c3f3-4c8c-878c-3875ba21e269,INF0222,CAMP018,2025-03-29,44967,9962,1858,12,1201,55
6947cbac-f610-440d-a9fe-890ff90fb6e4,INF0126,CAMP031,2024-12-07,33314,4847,185,419,2717,210
d25ad576-ef0b-443e-bee0-47627168bdec,INF0074,CAMP039,2025-04-01,19891,3063,1390,308,4005,181
46178161-bd03-433b-aee9-795ea3086e48,INF0122,CAMP014,2024-11-08,15026,4138,1062,206,2938,175
21acfdb5-1b55-4f6d-b01c-6abfc7739d46,INF0211,CAMP031,2024-11-14,3696,7173,950,476,3768,143
9caad37c-fc67-45e2-832f-c21b06b4ed27,INF0019,CAMP039,2025-02-06,3693,725,1532,143,3758,203
9cc3c1f5-9129-4c75-9b08-e5a844511ba0,INF0061,CAMP042,2024-11-23,8692,6498,1118,462,1605,49
aff7ff5d-3b1d-42cf-bb70-509298ab182c,INF0164,CAMP028,2024-10-15,25151,136,1798,256,2777,53
c7a2b171-b02a-46ee-9458-80635bf88d1d,INF0178,CAMP041,2025-01-10,6932,8428,199,132,3126,256
9ace63cc-d89c-43f6-8098-580d22538040,INF0300,CAMP022,2025-01-09,41741,6486,1820,212,464,114
2f191516-5fbb-4da5-a64a-1fe8b646e2b1,INF0195,CAMP023,2025-03-24,36497,3997,155,327,2219,251
233408ba-794e-4838-bdcf-60fd633098ed,INF0089,CAMP027,2024-11-10,35283,674,356,312,3594,279
68994c84-0840-4234-b9ed-0800317979f9,INF0072,CAMP009,2025-03-07,29013,3080,1127,377,2436,151
451575b9-ece9-404b-83d7-f962f80443ee,INF0040,CAMP039,2024-12-29,11222,5473,975,73,1950,169
fcfd8547-abdc-40da-be0b-bddd38f95001,INF0178,CAMP004,2024-11-18,9775,8750,538,374,2315,106
2d54ff2b-10ee-4f77-b45e-2eafc1fda581,INF0173,CAMP027,2025-04-08,19895,346,739,377,466,30
ddfc2a92-7074-4eb3-bc52-17ccf4672866,INF0047,CAMP006,2025-02-06,17491,9130,427,112,4966,271
dde4f5c1-532c-4c01-b017-c5337d6ce5c3,INF0171,CAMP009,2025-01-06,16945,355,1114,272,887,234
67a55936-6d74-4a0b-bf2d-39c8e338e579,INF0041,CAMP029,2025-03-09,18861,8862,866,253,1777,23
d3073198-bc3e-4402-9ba1-4c350ab5207f,INF0080,CAMP006,2024-12-22,3260,447,175,429,4493,70
9c8b9550-64e7-4f9a-901a-0ccfb85f164b,INF0214,CAMP001,2025-04-10,29979,3138,807,189,2816,98
8941bdd3-9803-482e-926a-4bd0be125f8f,INF0242,CAMP030,2025-01-19,13938,2374,432,76,2340,17
c9739495-b440-4852-a033-500ea43262b3,INF0077,CAMP045,2024-10-17,22975,6074,661,181,4879,91
74f76d09-739c-4fa5-9bfc-270c85494255,INF0022,CAMP044,2025-03-19,22695,1487,188,242,3256,279
feef21f8-e0b6-4f90-8adb-c4ffe0b55615,INF0019,CAMP019,2024-11-26,44747,8662,1810,116,3884,163
fbdc532e-6546-466d-89b1-cad184c9b276,INF0168,CAMP029,2025-03-01,24447,8595,1736,329,2472,44
8420e0d8-632c-417e-8ec5-7d470a0c64e5,INF0014,CAMP039,2025-03-07,42628,8791,1679,395,579,37
309a083a-0c9e-4060-b66c-7331a1722ee3,INF0187,CAMP001,2024-12-05,22699,854,309,307,776,218
4df742ae-e267-412b-a5e5-f13f70869a45,INF0090,CAMP008,2025-03-09,20199,9166,1241,429,2228,223
2a9edda7-761a-4914-8931-b2d4d3def87c,INF0197,CAMP020,2024-12-31,47733,707,35,115,684,185
0df6c527-eb45-4c38-9cf6-5e334b5f174b,INF0168,CAMP005,2025-02-20,34356,3331,217,261,3888,10
76ad1c33-2469-40c2-a757-499784581f73,INF0008,CAMP025,2025-03-20,32655,6203,549,210,3102,227
b8ff615c-1727-40fa-b3a2-7c7ba566e884,INF0128,CAMP027,2025-01-15,29371,3922,216,322,1830,44
95dfe6cb-c75a-4c94-ae05-7f791cf8d03f,INF0105,CAMP028,2025-04-10,14080,7311,1015,229,3769,175
22a37556-8be1-4610-b234-8948e4f2ae4c,INF0142,CAMP001,2024-12-25,30263,181,144,211,1456,242
0660a3e9-736d-417c-92ce-55e369df05c7,INF0055,CAMP013,2024-11-13,35248,9371,1560,189,4564,87
b66f3507-e588-4999-971e-ea3974246baa,INF0097,CAMP016,2025-04-01,16367,7744,224,177,1808,39
171603b1-7466-4e6f-a1ee-b1f133b1d0dc,INF0182,CAMP014,2024-11-27,35269,8522,1416,159,1248,114
e83bcc84-a609-4ad0-b114-64aa52f69081,INF0300,CAMP018,2025-02-25,40695,111,1437,305,3726,217
bbb71494-b7e7-47d4-a9fb-832ccbe68571,INF0278,CAMP033,2024-11-02,4065,2136,1008,307,590,76
730bc657-b4cb-4613-9d39-e9c217584f23,INF0009,CAMP024,2025-02-10,22518,775,534,351,4317,199
b5103e9c-8618-440d-95d6-a6585ce9dbbc,INF0076,CAMP036,2024-12-23,3419,7840,1009,469,3545,244
82fc9294-f9a6-4522-8a83-5709ba146757,INF0155,CAMP001,2025-02-05,13961,6587,1310,165,1522,258
8ce377d7-60f1-4528-a8ef-2f46f323123e,INF0095,CAMP016,2024-12-22,4017,4441,742,127,236,261
e98965f2-2bbf-4e35-84ac-b57d0b3d6dc9,INF0273,CAMP022,2024-12-14,32127,3296,1370,345,612,177
dcd81a8b-a8d6-4af6-9f0d-def190c40e45,INF0139,CAMP007,2024-11-08,45070,168,1269,52,2478,56
2dca365a-2504-4d28-9e6a-e4592980f6ff,INF0277,CAMP018,2025-03-08,14410,3698,334,465,893,61
4edd2a2a-6b69-44ae-8d22-af35b648be8a,INF0119,CAMP021,2024-12-09,18862,9805,1041,461,2246,24
723dfacd-f601-4005-84c4-f69fbaebe15d,INF0143,CAMP035,2024-12-05,44952,4750,434,297,2651,91
e606d7c2-1e18-446d-ae42-1840a05f36c8,INF0053,CAMP020,2024-11-04,36361,9207,718,490,3919,87
9f601d17-00e7-4824-b3ee-16e7f5defeba,INF0235,CAMP040,2025-03-07,8971,9267,1085,147,3039,220
7f6485de-7569-4aef-8320-0c4e40cbe188,INF0240,CAMP015,2025-03-25,4932,8654,391,53,2368,13
0178de26-ceb5-47ac-8b22-e4457fa70485,INF0298,CAMP044,2025-02-05,41399,3698,243,67,1781,26
37850b5c-3ce5-488c-be53-d702e1f8d192,INF0093,CAMP041,2025-02-01,1051,418,190,61,3941,42
68ffae17-7428-4491-b9c8-42cba8d3110e,INF0135,CAMP042,2025-01-03,31916,6975,345,45,1575,254
01aec505-99a0-4abb-99e9-54331453e17e,INF0002,CAMP046,2024-11-26,41642,7000,1883,112,2550,211
9ea8fcb1-4732-48c9-8c1e-9464e1d5c0dc,INF0156,CAMP026,2025-02-09,30265,7596,621,260,1552,48
3527bcee-d343-4f88-91f3-79b18ebb8208,INF0063,CAMP023,2024-10-19,28425,3276,1650,329,4404,210
a73d2746-0e18-4b96-a5f4-1dd62f51ac6e,INF0259,CAMP038,2024-12-16,33599,5890,1078,447,862,250
084d7822-da94-4e70-a537-41e409668d08,INF0165,CAMP001,2025-02-16,31216,5593,1098,391,3387,216
4c66aa4d-9a70-4a8a-9688-1d3e93fde248,INF0105,CAMP010,2024-12-13,9851,6842,830,441,1843,146
1be00f8e-0c8d-41d2-9673-aefbeb9e54e0,INF0072,CAMP038,2024-12-29,44417,6270,1062,275,2783,252
ac0e1f71-294d-43ed-ada1-afdafe656dcc,INF0060,CAMP043,2024-12-04,25795,2711,1605,38,145,88
b3292925-b107-494e-a932-5ae19c7060da,INF0231,CAMP008,2025-02-02,15610,8537,120,238,3399,165
2d6b5953-8fea-484e-898c-fd4892811c92,INF0128,CAMP045,2025-01-06,37845,4998,628,132,2804,142
ee757637-5c35-42b3-9437-2280bfd467e7,INF0111,CAMP026,2024-10-16,42722,7491,1134,136,2554,97
52a473f9-4c9e-403a-84bd-338e17d71fc0,INF0120,CAMP037,2024-12-20,27415,1834,1034,64,4797,148
11529a73-d1fc-4edd-a102-2b56e5c482ff,INF0044,CAMP044,2025-03-06,30739,1916,262,136,3569,143
109efb40-8ceb-4c57-97e3-23cf6d651847,INF0266,CAMP045,2024-12-05,40617,1158,1500,394,2372,186
b1d29457-1f3c-4a1d-a271-97ca788773ed,INF0243,CAMP008,2025-03-25,31669,5760,792,91,4680,209
69ec09d5-86ec-4d99-9447-029046404b2a,INF0046,CAMP019,2025-01-19,41985,274,1549,315,371,66
9caf8df1-3584-4d71-b221-e1c535b86d0a,INF0135,CAMP016,2024-10-21,47622,5704,608,24,382,42
fab6ad91-bacf-4cfc-9245-1cc41bfb3b3d,INF0028,CAMP019,2025-02-09,45291,7801,991,379,150,38
7bd15655-1671-4639-bcb8-6f9e87690baa,INF0290,CAMP033,2025-02-27,45331,5901,305,357,3005,129
c9c67b51-ef13-464b-9ad2-bb72b04ba584,INF0156,CAMP010,2025-02-24,16701,3636,1123,71,2552,235
d90949aa-9bdd-4d7a-ad53-628b49851b79,INF0200,CAMP020,2024-12-10,30410,1076,1381,237,4626,213
feb9ea24-933c-4d00-8680-0a0b42791490,INF0108,CAMP037,2025-02-08,2626,8995,344,90,924,100
9d421bae-2134-415b-ad56-c7145a9621f5,INF0226,CAMP044,2025-01-27,35875,9565,569,121,3096,32
a1c16b96-baab-49f2-850b-70737f13de67,INF0044,CAMP028,2025-01-14,14476,3539,1890,296,4994,286
e237c877-2e0e-4673-8ed7-cd177e14c595,INF0225,CAMP030,2025-02-05,20659,918,130,437,3785,151
fab0a15d-4a5d-4cea-b565-f64e3b93a53f,INF0188,CAMP011,2024-11-16,13300,702,209,78,1841,275
7702beba-0623-4fbf-9e42-d2b800679b62,INF0071,CAMP014,2025-02-08,41731,5349,898,47,4665,12
d91b1a04-bcca-4a38-9e30-614fcbf6aa23,INF0213,CAMP047,2024-11-19,23829,3937,536,134,1188,66
6a25542e-ffbd-4cdd-9d84-d303ccb03fc5,INF0249,CAMP047,2024-12-29,44858,5733,1205,489,2381,53
8f7763e0-5982-4a44-9573-68cf0ba56050,INF0067,CAMP036,2025-03-15,45645,8923,712,413,1031,46
a3ff8fd2-02e4-40aa-b65b-c763a3336ea8,INF0222,CAMP021,2024-11-18,46403,4055,931,239,454,256
ca4a40bc-4121-41a3-8818-b004b0a4f557,INF0165,CAMP013,2024-10-23,9080,3218,1246,483,1644,53
8ccc617e-81b6-4951-8cdf-697f4eca2e96,INF0012,CAMP006,2024-12-11,32887,9149,1294,77,4377,269
af92ef22-1d24-47e2-8191-d19dc45c3fbb,INF0222,CAMP026,2024-12-13,49692,640,1052,307,1465,278
91a4d796-b972-4eec-a563-7d1f57637902,INF0117,CAMP042,2025-02-06,21446,2456,1772,356,235,260
2cf6073b-d500-4147-8774-3c94f5c9f459,INF0016,CAMP017,2024-11-16,27783,7113,771,228,1329,179
ec1a86d3-5683-4783-9575-9337549c9eb9,INF0020,CAMP048,2025-02-17,17065,7735,1656,214,1586,57
cc18dd0e-7978-4c84-aa89-a9797aa6d6ea,INF0093,CAMP029,2024-10-16,20154,7499,1807,368,4760,49
27c7655a-7b43-4a72-a2c0-c475a54976d0,INF0110,CAMP008,2025-02-08,11327,7287,1023,18,2230,295
8976b471-dd7f-47d1-a45d-ef2675eb0e8f,INF0034,CAMP016,2025-04-01,29460,3370,601,75,1663,77
d06d3943-c8b3-415e-b664-704355c9bf0f,INF0172,CAMP033,2024-12-29,41747,3959,1022,371,4152,159
d5c97d5d-0e57-49ec-be1a-070fed83a4c8,INF0240,CAMP003,2025-01-19,27325,6313,1913,220,3225,214
ad9e5c1e-b997-4024-90a0-14ab4ca1cabd,INF0054,CAMP038,2024-12-10,3377,947,1236,292,2926,197
3550b07e-04ca-4b38-892f-ca698e2017e1,INF0216,CAMP033,2025-01-30,10524,4891,36,170,2415,273
ea8b31f5-ccae-48fe-94eb-8e20af7c7d2b,INF0103,CAMP013,2025-03-31,41551,2049,254,309,3477,124
f83893a2-10f3-4676-9a85-3cd8cbb86be0,INF0025,CAMP002,2024-11-07,2919,9927,1435,9,580,169
56d2b14d-07fa-46f7-973a-ae7b47cc3a66,INF0274,CAMP032,2024-12-21,22140,1901,1070,181,1086,182
2a7cf9e9-d7a7-47b1-88c6-2063a06303ca,INF0145,CAMP009,2025-01-28,45971,6289,1425,123,1805,232
985e7e89-2ff8-407a-a3ba-9d869b0e70ad,INF0094,CAMP007,2024-11-01,40673,4989,753,50,4007,45
4eeb87ff-c064-4074-8847-b130dd56030e,INF0014,CAMP021,2025-02-23,34607,8294,1061,385,206,174
0818c965-b5b8-4351-9083-0841db9a0eb7,INF0114,CAMP005,2024-12-01,28897,4766,724,319,2336,233
e0864418-7f3e-459b-9638-613769f35b2d,INF0095,CAMP031,2024-11-25,25204,2260,1654,366,2194,15
f362d408-d457-4305-b3b0-220d5f2019ea,INF0044,CAMP038,2024-12-07,26816,5019,329,200,3599,94
2ccda2af-4d64-4b63-866c-fb2b3754f16f,INF0056,CAMP032,2024-10-31,33747,983,530,195,1273,160
c71d4564-0992-4886-88f2-16c15fcc997d,INF0087,CAMP021,2024-11-18,9120,7920,1671,255,1507,47
8188de48-719b-4dd6-97b4-e75be9d18ec2,INF0078,CAMP030,2024-10-14,44147,8844,1007,286,1331,269
80038f26-e7ab-4ef7-bb8f-d09acc8ceba9,INF0134,CAMP042,2024-11-08,29287,4961,104,341,2826,60
7bc4d138-ec73-4598-9711-d5fd30b1b67b,INF0268,CAMP049,2025-03-01,28794,8019,610,99,3948,292
c6895836-4f73-4b1c-860c-7b68dfb68a5f,INF0025,CAMP016,2024-12-12,6624,1038,771,91,4799,133
192703a7-df2e-47e7-84fc-bb8424aefbea,INF0279,CAMP043,2025-03-18,41076,4039,1136,230,4720,293
ad3d581e-8422-4f58-b022-54affb764637,INF0254,CAMP040,2024-11-04,48879,8811,1649,229,2333,227
75992b0a-095b-41d6-b97d-76173487246c,INF0188,CAMP035,2024-12-24,36245,3193,352,44,1512,178
1da76d69-85b8-44d4-9d64-3387b6b38fbc,INF0086,CAMP005,2024-10-10,27974,6327,1002,468,2927,279
afe2a940-0b45-4c23-aead-a90c4f9c78bf,INF0263,CAMP038,2025-03-23,3340,9895,1259,174,647,132
55527a3c-164a-4b18-9f33-34c698233b06,INF0178,CAMP042,2025-01-08,36670,6745,773,19,4880,200
854494ab-1a64-427d-8bcf-d0fce3a1af97,INF0107,CAMP025,2025-03-07,44132,2260,990,141,3799,149
05c14422-4ffe-4dfd-bedc-acb7a8b331a0,INF0068,CAMP029,2025-01-30,3368,8193,1894,24,3410,99
e462ff64-a38b-4aa4-8fe8-98d8c22ca6a8,INF0252,CAMP022,2024-11-19,43060,9962,1425,416,2270,200
495c7ac8-314a-4bdd-b357-9b275225374a,INF0217,CAMP016,2024-12-02,18993,3039,1623,439,3729,272
70ecf41b-c5d5-4016-91b3-ccf588433a38,INF0179,CAMP004,2025-02-17,24382,2466,853,441,834,167
2851a8be-2639-4214-85cc-aa931e1e5d91,INF0180,CAMP032,2024-12-02,17292,1714,469,65,2466,120
9f795228-f553-4567-83e7-dd211d4d46d6,INF0207,CAMP034,2025-01-26,32688,5833,1921,210,3266,56
8ae3297e-34e2-4142-9a35-447583997ac5,INF0083,CAMP033,2024-12-17,38132,6142,1487,191,2447,109
243d116d-4563-4bbe-9188-3a268ca33a54,INF0138,CAMP019,2025-02-23,41498,1599,1120,72,645,41
3eacdb28-92f7-4993-8884-3b5bcdd3214c,INF0219,CAMP034,2024-11-12,3243,5979,1711,66,1336,111
e46a0b42-9cfe-4bd8-8fb6-7094123cf911,INF0253,CAMP007,2024-12-14,43161,1047,35,414,807,18
214c87b1-0cfc-4420-b192-e4438a6342ca,INF0265,CAMP020,2024-10-15,8273,3635,255,85,711,9
0ceaaf73-aced-4d55-a73e-2bc578822064,INF0224,CAMP030,2024-10-30,36079,889,1307,198,221,264
6d2cdbf9-160b-4ed4-8dc5-d42e6233960a,INF0026,CAMP021,2024-12-25,2885,8767,365,30,4179,263
e42aa836-989b-48c0-b465-c0272dd1d45b,INF0138,CAMP048,2025-02-02,37534,9045,575,466,3289,118
b3099e0d-b0ac-4677-960f-8680a124fdb2,INF0143,CAMP017,2025-01-04,34637,5626,1607,50,4744,98
5513b74f-4ffc-4c54-9b0a-31ea9dc6d783,INF0295,CAMP015,2025-03-17,22556,803,1992,480,2689,15
abbe274a-c226-4b53-b680-873b32b9c542,INF0194,CAMP013,2025-03-16,34387,8082,1028,269,496,289
ec3b9258-f943-475e-941b-9098889277fe,INF0209,CAMP027,2025-03-05,3460,6920,1460,346,3492,151
21bd55eb-915a-43c0-b737-cfb5c3b1927b,INF0290,CAMP048,2024-10-28,18675,5474,1386,381,2705,226
b2d7692a-eb70-4da9-8d66-d79dd0170108,INF0193,CAMP047,2025-01-08,34593,9296,1422,381,1022,117
af39f2ce-4f75-445a-b4a1-2a0d18e63a55,INF0005,CAMP032,2025-02-12,34522,4835,133,150,3515,151
7875b1c7-7724-4aa3-8438-eae0b5d0b595,INF0111,CAMP021,2024-11-23,23488,5847,1733,61,3372,149
dc70ce22-24ca-41b8-b94a-97fdf28bf846,INF0162,CAMP006,2025-04-01,48003,3981,1696,330,2049,1
5d0b042d-e9b1-4c76-820f-beef9defeab9,INF0152,CAMP017,2024-12-25,48468,3748,1359,73,1706,108
aa4946f4-ead1-4758-b319-f18d2ef03a1b,INF0247,CAMP050,2024-12-13,6212,3439,624,435,3060,111
53238aff-e1e5-48a1-9c5c-d673c9ed66a6,INF0062,CAMP044,2025-01-06,16290,5867,1600,112,3891,252
79af8348-10bb-460d-87bf-63ee7ccd3dc0,INF0222,CAMP030,2024-10-31,18776,6160,169,453,4350,266
d8842354-7613-4f44-ba88-f16259f8068e,INF0138,CAMP048,2024-11-12,37282,859,1600,408,2818,16
9abc9859-593e-4c83-8497-d0a8484204d5,INF0068,CAMP005,2025-01-29,10915,8721,317,142,2509,96
67db0943-1a59-43eb-8208-fd42209ce4a5,INF0171,CAMP026,2025-03-17,43225,5523,1318,31,3523,59
536c32d0-1b63-405f-8bf8-5149b6da99cd,INF0202,CAMP042,2025-01-25,5676,4141,379,25,948,94
4d579d00-cadc-410f-9228-130ba64272a2,INF0229,CAMP002,2025-01-21,26409,7242,1914,430,2259,41
69d75427-972d-4d57-a69b-e896760272ba,INF0276,CAMP033,2024-11-25,2091,9488,1876,129,4704,260
28b58db5-8c46-4308-be62-89819ef1a74f,INF0217,CAMP049,2025-01-11,14435,9477,210,458,2499,274
354f184e-5739-4b03-90e9-4dce6241cba3,INF0206,CAMP040,2025-03-17,28920,5919,876,97,3228,64
c8c8ccf9-6e5f-4f71-9749-d2b0b1ade82a,INF0135,CAMP046,2025-01-02,2924,3195,549,66,2588,272
8b661d1f-579a-4954-898e-3f5b9134c0b7,INF0229,CAMP020,2025-02-21,10945,1010,316,436,4281,2
ab6b3f08-a9a0-44ef-ac4f-54163c749c16,INF0193,CAMP009,2024-10-25,10630,972,1151,158,258,33
92fe00e8-b63f-4809-ae4d-0decbd472885,INF0137,CAMP013,2025-03-21,31276,4108,1878,261,821,227
98986758-9798-40c3-9d44-43517c93cdc3,INF0180,CAMP010,2025-01-07,20739,1500,1671,138,3788,247
d2701a52-18ff-48ad-8e1a-3a51534bfa86,INF0140,CAMP048,2025-01-04,19242,4881,595,355,192,291
67e2189b-f4b4-4704-8edb-6dc82d19bd52,INF0112,CAMP014,2024-10-23,1642,2648,1655,374,3700,85
d066ad21-af7d-4f21-9bd6-b03d9927839b,INF0275,CAMP035,2025-02-02,47539,1049,1358,14,2993,287
53d106cb-6100-4ffe-91e2-b878c576c26d,INF0112,CAMP038,2025-01-13,13823,7094,847,172,4766,189
172d2bd0-0fbd-4c81-a900-8ecda51e01ad,INF0196,CAMP033,2024-11-21,11956,5019,941,186,708,267
94ad345a-e323-4264-a390-0c1dd1291d13,INF0011,CAMP006,2025-04-03,12519,830,1842,413,4229,155
000c14a5-cf51-4203-a2d9-99bac146ed52,INF0151,CAMP048,2025-03-06,38570,6157,481,111,183,275
73f621a8-2633-4c43-a92f-85fe258fcafc,INF0155,CAMP021,2025-01-21,28883,981,22,346,2132,46
93f3503d-9d96-432d-a3d5-e7504a9ff50e,INF0214,CAMP028,2025-01-04,49621,258,965,129,2646,276
e09ef2a3-ae77-4249-b4a6-3e7632173525,INF0014,CAMP025,2024-12-10,29391,7903,288,483,160,123
e9c7c13a-cb5a-4d77-91fd-a27f4cbb7460,INF0030,CAMP026,2025-02-18,37051,7862,1572,221,4505,214
efca07ae-f17e-4a71-ab22-ec1d4df6ff4f,INF0221,CAMP015,2025-01-02,47010,2406,787,467,1025,127
5821b9f8-ea45-4afd-bb8a-61ebb7c12a4c,INF0211,CAMP011,2024-10-27,23191,7912,334,324,1579,13
fc862110-9c8a-4872-8214-1a68952d986c,INF0050,CAMP026,2025-01-17,31279,4586,392,20,3560,55
da3dc780-20a7-4d78-98fe-b8de67797b58,INF0105,CAMP004,2024-12-06,3019,3419,282,115,4053,37
8c83bc68-e6ac-459a-9e85-643c0ffa2366,INF0240,CAMP048,2024-10-20,20465,2380,45,417,2837,113
d21ce315-8f5e-448e-b40f-040e0037447f,INF0237,CAMP013,2024-12-18,10470,565,1962,281,1537,68
dd9d2e4d-483e-4d69-9c7a-bd161c153057,INF0230,CAMP003,2024-10-16,34071,5167,493,421,1490,158
9714fadc-b3c4-4030-ae84-e8323c38c3f0,INF0149,CAMP027,2024-12-25,12226,2731,257,105,145,281
61fe800a-b636-4c4c-9170-ca8aa00e0b60,INF0278,CAMP017,2024-12-27,44270,4775,1673,297,2391,95
361241be-8b8c-47be-af68-9d6561ae3f21,INF0001,CAMP025,2025-02-15,5905,8984,244,444,1410,7
302fa247-239a-446d-b991-2c512c649adf,INF0027,CAMP018,2025-01-25,28738,4025,281,326,1078,81
5c3bd3b5-ecaa-4afb-97e4-527a6274d240,INF0219,CAMP017,2025-03-22,10797,4310,272,310,4121,206
ff594778-49d9-4a08-a77e-0fbc6acff20f,INF0111,CAMP047,2025-03-28,29783,1540,1588,351,3761,184
02f865f8-2260-41c6-a023-fd4bab89736b,INF0229,CAMP005,2024-10-23,25796,8131,1477,121,1143,69
b8a9b014-24dc-4a07-8405-6d2ba5fcd671,INF0110,CAMP043,2025-03-30,24171,8892,1170,135,4363,175
f997f697-6fcd-4f50-a86d-e2517c98756f,INF0171,CAMP027,2024-11-05,30283,1252,66,185,4391,143
ce52309d-a46a-47c2-a320-de1615ac80e4,INF0051,CAMP048,2024-12-29,27058,6461,625,387,3688,256
c9f7369f-e4c1-4210-b4be-4b20dc32f8a0,INF0156,CAMP009,2025-02-22,28579,8990,885,154,2873,249
9f8d367d-6cfa-42dd-ae28-dccd9abbe46b,INF0298,CAMP027,2024-11-13,40846,1846,34,298,1609,251
8d532691-6c93-4f69-8269-041a74533044,INF0060,CAMP019,2025-03-18,26009,3026,1099,402,2662,105
39ca2826-5af5-4a23-a27c-a9f773363302,INF0096,CAMP028,2024-11-15,37527,7818,177,46,1952,103
93f3c702-01e6-4e9a-9ac5-50236cbdd931,INF0204,CAMP008,2025-01-14,11190,8175,1076,439,2060,209
b64e26cf-3c9b-4542-bb1d-23a8d8c823b0,INF0237,CAMP036,2025-01-15,1048,4310,1188,141,3083,70
8bd18d4b-ed33-43fc-a92c-aaae44ed98e2,INF0007,CAMP008,2025-01-29,22996,5869,1787,459,2278,253
09b185d6-fa6d-41ee-8890-f5065df1bf6f,INF0101,CAMP031,2025-01-28,43582,8988,612,252,1287,248
1cf8570b-5e5b-4ad8-b473-2eb67bb775d4,INF0126,CAMP027,2025-01-30,18333,3687,1121,155,225,210
147f0413-b0c4-4ddc-b634-71f87b45bd9c,INF0259,CAMP027,2024-11-06,38634,802,90,419,4283,125
fbcbd6ec-86c2-4d8f-bb36-07b0baed6f49,INF0230,CAMP012,2025-03-25,34077,4052,1594,494,1614,47
478817ec-c764-432e-8026-27d1fbd1b0c0,INF0269,CAMP003,2025-01-08,22249,115,615,362,4958,132
e3d1803c-85fa-45ea-9407-2edb8456ce4f,INF0032,CAMP049,2025-02-05,7412,8705,34,473,365,58
a1731ed8-78f2-461c-bec7-7a8f16a46b83,INF0213,CAMP028,2025-03-03,28631,1949,1309,422,438,209
13fd2d26-ab31-4bfe-b5dd-7f92a9eaa9ff,INF0057,CAMP011,2025-02-19,32440,2515,1974,346,353,251
94628786-cc50-4a89-8a08-d40ea2395ad5,INF0112,CAMP046,2024-12-09,40941,7173,712,338,2376,12
57f2a45f-e751-4d4b-8d82-9d529cf021b8,INF0044,CAMP041,2025-01-21,46215,6424,1559,184,2474,291
743b9f71-7807-4947-82c2-b367c74d8df0,INF0264,CAMP040,2025-01-17,47229,7533,1442,35,3142,218
bbdb4536-92ef-43c1-b81f-9d3fe7f339dc,INF0081,CAMP033,2024-12-13,29190,597,1779,478,4693,131
fa4e8355-f5e8-47e1-9a58-9b676bc7b635,INF0132,CAMP049,2025-03-13,9712,8321,636,305,3446,236
090b23ed-2ae1-40bc-8a09-90884b6c14e4,INF0023,CAMP016,2025-02-21,37373,1707,1849,450,2066,229
4dd7962b-bfda-45c9-98fe-b4f3ec40d95a,INF0107,CAMP016,2025-02-28,16748,3891,272,55,1138,264
0fb91307-42ac-46dc-904f-0df7c8f72c2d,INF0175,CAMP003,2025-02-09,41087,8767,1299,333,4094,162
92a6f3e6-2b48-46e6-9401-0dfe79210c7c,INF0238,CAMP007,2024-10-20,44023,5515,877,280,1312,68
cf13cb3d-4ab0-4699-bd88-8cbda8049463,INF0006,CAMP028,2025-03-02,26594,3624,1466,299,2716,294
7c193e6f-496c-403a-86fd-01e69fd33d40,INF0118,CAMP021,2024-10-26,49807,7240,1796,86,3999,11
d9f850e9-13ad-4ead-816e-bf3220775ce4,INF0209,CAMP037,2025-03-11,48981,8178,1552,82,663,299
